{
    "AAPL": [
        {
            "Open": 215.9499969482422,
            "High": 216.83999633789062,
            "Low": 208.4199981689453,
            "Close": 209.67999267578125,
            "Volume": 61250000,
            "Dividends": 0.0,
            "Stock Splits": 0.0
        }
    ],
    "MSFT": [
        {
            "Open": 383.1600036621094,
            "High": 385.32000732421875,
            "Low": 377.45001220703125,
            "Close": 378.7699890136719,
            "Volume": 20420200,
            "Dividends": 0.0,
            "Stock Splits": 0.0
        }
    ],
    "GOOG": [
        {
            "Open": 167.97999572753906,
            "High": 168.1199951171875,
            "Low": 164.07000732421875,
            "Close": 164.72999572753906,
            "Volume": 15187700,
            "Dividends": 0.0,
            "Stock Splits": 0.0
        }
    ],
    "NVDA": [
        {
            "Open": 117.02999877929688,
            "High": 117.76000213623047,
            "Low": 113.79000091552734,
            "Close": 115.58000183105469,
            "Volume": 297950800,
            "Dividends": 0.0,
            "Stock Splits": 0.0
        }
    ]
}