{
    "AAPL": [
        {
            "currentPrice": 213.25,
            "currentVolume": 83344791.26200998,
            "Gap": -0.08431679701093846,
            "floatShares": 14998187904,
            "relativeVolume": 0.8400769594343763,
            "relativeVolumePercent": 14.666441988702658,
            "changeFromClose": 0.23888448813228752,
            "shortInterest": 134441154,
            "News": "Jim Cramer Says It\u2019s \u2018Hard\u2019 to Own Apple (AAPL) Because of Trump\u2019s \u2018Arbitrary Nature\u2019"
        }
    ],
    "MSFT": [
        {
            "currentPrice": 387.13,
            "currentVolume": 38967741.99002692,
            "Gap": -0.47868678280038834,
            "floatShares": 7423649000,
            "relativeVolume": 0.902064515559061,
            "relativeVolumePercent": 11.934833581810544,
            "changeFromClose": 0.03603424164022088,
            "shortInterest": 66334396,
            "News": "Elon Musk and Sam Altman finally agree on something: When their courtroom showdown should start"
        }
    ],
    "GOOG": [
        {
            "currentPrice": 166.29,
            "currentVolume": 30911099.25761846,
            "Gap": -0.17599223096210664,
            "floatShares": 10917973500,
            "relativeVolume": 0.8267150878368253,
            "relativeVolumePercent": 16.03806335627053,
            "changeFromClose": -0.6264096310435256,
            "shortInterest": 38855537,
            "News": "People are using Google's new AI model to remove watermarks from images"
        }
    ],
    "NVDA": [
        {
            "currentPrice": 118.2,
            "currentVolume": 441913924.600224,
            "Gap": 0.8794277232900642,
            "floatShares": 23413264000,
            "relativeVolume": 0.7540658460408474,
            "relativeVolumePercent": 26.980650115606792,
            "changeFromClose": -1.7588554465801285,
            "shortInterest": 241358114,
            "News": "US stocks, Fed meeting, Nvidia CEO keynote at GTC: 3 Things"
        }
    ],
    "QBTS": [
        {
            "currentPrice": 9.94,
            "currentVolume": 362422710.7930803,
            "Gap": 7.487687265468927,
            "floatShares": 241472404,
            "relativeVolume": 2.7838308057698558,
            "relativeVolumePercent": 54.411461293348815,
            "changeFromClose": 10.147790397598582,
            "shortInterest": 54448997,
            "News": "Quantum computing, Affirm, Netflix upgrade: Market Minute"
        }
    ],
    "ANTE": [
        {
            "currentPrice": 1.1904,
            "currentVolume": 189474489.2654061,
            "Gap": 55.55555392031153,
            "floatShares": 6559425,
            "relativeVolume": 221.93482853892414,
            "relativeVolumePercent": 108.69194606534138,
            "changeFromClose": 98.76543327977501,
            "shortInterest": 33075,
            "News": "No News"
        }
    ]
}