{
    "AAPL": [
        {
            "currentPrice": 214.58999633789062,
            "currentVolume": 0.0,
            "Gap": -0.060895067435211975,
            "floatShares": 14998187904,
            "relativeVolume": 0.4823759094135527,
            "relativeVolumePercent": 3.0280466767339125e-06,
            "changeFromClose": 0.5152423141240605,
            "shortInterest": 134441154,
            "News": "Are Nvidia and Tesla deeply oversold screaming buys?"
        }
    ],
    "MSFT": [
        {
            "currentPrice": 391.88360595703125,
            "currentVolume": 0.0,
            "Gap": -0.46067751599981593,
            "floatShares": 7423649000,
            "relativeVolume": 0.38188764916750534,
            "relativeVolumePercent": 7.28955421460156e-06,
            "changeFromClose": 0.8553655598415812,
            "shortInterest": 66334396,
            "News": "Elon Musk and Sam Altman finally agree on something: When their courtroom showdown should start"
        }
    ],
    "GOOG": [
        {
            "currentPrice": 167.50999450683594,
            "currentVolume": 0.0,
            "Gap": -0.17599223096210664,
            "floatShares": 10917973500,
            "relativeVolume": 0.40433354412672845,
            "relativeVolumePercent": 9.98911186806381e-06,
            "changeFromClose": -0.06562499317259746,
            "shortInterest": 38855537,
            "News": "Nvidia GTC 2025: What to expect from Nvidia's biggest event of the year"
        }
    ],
    "NVDA": [
        {
            "currentPrice": 120.66500091552734,
            "currentVolume": 0.0,
            "Gap": 0.8777848356453946,
            "floatShares": 23413264000,
            "relativeVolume": 0.5546020057691285,
            "relativeVolumePercent": 4.6773422013246894e-07,
            "changeFromClose": -0.8260025220206515,
            "shortInterest": 241358114,
            "News": "Is Nvidia stock washed out yet on the charts?"
        }
    ],
    "QBTS": [
        {
            "currentPrice": 11.148699760437012,
            "currentVolume": 0.0,
            "Gap": 7.487687265468927,
            "floatShares": 241472404,
            "relativeVolume": 2.216465397541653,
            "relativeVolumePercent": 9.485058093135302e-07,
            "changeFromClose": 9.839410634887795,
            "shortInterest": 54448997,
            "News": "Quantum computing, Affirm, Netflix upgrade: Market Minute"
        }
    ],
    "RDUS": [
        {
            "currentPrice": 28.80500030517578,
            "currentVolume": 0.0,
            "Gap": 1.330459713552031,
            "floatShares": 26193798,
            "relativeVolume": 1.962603730140456,
            "relativeVolumePercent": 4.294702484485387e-05,
            "changeFromClose": 3.5778527808025666,
            "shortInterest": 601722,
            "News": "The past three years for Radius Recycling (NASDAQ:RDUS) investors has not been profitable"
        }
    ],
    "QNTM": [
        {
            "currentPrice": 7.570099830627441,
            "currentVolume": 0.0,
            "Gap": 15.132929819222154,
            "floatShares": 1596221,
            "relativeVolume": 70.51913357400723,
            "relativeVolumePercent": 6.86187794503224e-06,
            "changeFromClose": 54.80777172429684,
            "shortInterest": 49138,
            "News": "Psychedelic: GH Research, Compass Pathways report earnings results"
        }
    ]
}