{
    "AAPL": [
        {
            "currentPrice": 212.16000366210938,
            "currentVolume": 33869.0,
            "Gap": 0.06542027553665304,
            "floatShares": 14998187904,
            "relativeVolume": 0.45081112084009545,
            "relativeVolumePercent": 164.26138831577805,
            "changeFromClose": -0.8621501031323013,
            "shortInterest": 134441154,
            "News": "Apple stock rout shaves nearly $700 billion from market cap since record close"
        }
    ],
    "MSFT": [
        {
            "currentPrice": 383.05999755859375,
            "currentVolume": 0.0,
            "Gap": -0.3653237414816547,
            "floatShares": 7423649000,
            "relativeVolume": 0.36630874066013147,
            "relativeVolumePercent": 183.7409429692528,
            "changeFromClose": -1.4509942040942074,
            "shortInterest": 66334396,
            "News": "Google is testing Trump's new antitrust cops with $32 billion Wiz deal"
        }
    ],
    "GOOG": [
        {
            "currentPrice": 162.375,
            "currentVolume": 0.0,
            "Gap": -0.3662127535146421,
            "floatShares": 10917973500,
            "relativeVolume": 0.8134274498784236,
            "relativeVolumePercent": 100.43535217232855,
            "changeFromClose": -2.5184649935527794,
            "shortInterest": 38855537,
            "News": "Google is testing Trump's new antitrust cops with $32 billion Wiz deal"
        }
    ],
    "NVDA": [
        {
            "currentPrice": 116.7699966430664,
            "currentVolume": 0.0,
            "Gap": -1.238179321219406,
            "floatShares": 23413264000,
            "relativeVolume": 0.6626880728808328,
            "relativeVolumePercent": 139.53573517407608,
            "changeFromClose": -2.3090455654790096,
            "shortInterest": 241358114,
            "News": "Nvidia, GM partner on next-gen AI for self driving cars and factory robotics"
        }
    ],
    "QBTS": [
        {
            "currentPrice": 10.760000228881836,
            "currentVolume": 0.0,
            "Gap": -9.83900135459282,
            "floatShares": 241472404,
            "relativeVolume": 1.4741496866353863,
            "relativeVolumePercent": 91.87160581973265,
            "changeFromClose": -3.756708987740423,
            "shortInterest": 54448997,
            "News": "Quantum computing, Affirm, Netflix upgrade: Market Minute"
        }
    ],
    "ANTE": [
        {
            "currentPrice": 0.6700999736785889,
            "currentVolume": 0.0,
            "Gap": -27.950313272384562,
            "floatShares": 6559425,
            "relativeVolume": 1.325276554250232,
            "relativeVolumePercent": 408.2337860310422,
            "changeFromClose": -58.37888399225836,
            "shortInterest": 33075,
            "News": "No News"
        }
    ]
}