{
    "AAPL": [
        {
            "currentPrice": 213.35,
            "currentVolume": 60060200.0,
            "Gap": 0.0,
            "floatShares": 14998187904,
            "relativeVolume": 1.1216707735329416
        }
    ],
    "MSFT": [
        {
            "currentPrice": 387.87,
            "currentVolume": 19929300.0,
            "Gap": 0.0,
            "floatShares": 7423649000,
            "relativeVolume": 0.8580061887761364
        }
    ],
    "GOOG": [
        {
            "currentPrice": 167.41,
            "currentVolume": 18592900.0,
            "Gap": 0.0,
            "floatShares": 10917973500,
            "relativeVolume": 0.9447510026894018
        }
    ],
    "NVDA": [
        {
            "currentPrice": 121.5,
            "currentVolume": 276742800.0,
            "Gap": 0.0,
            "floatShares": 23413264000,
            "relativeVolume": 1.0109183422144072
        }
    ],
    "QBTS": [
        {
            "currentPrice": 9.9598,
            "currentVolume": 260221400.0,
            "Gap": 0.0,
            "floatShares": 220957321,
            "relativeVolume": 2.9659298111523946
        }
    ]
}