{
    "AAPL": [
        {
            "currentPrice": 214.47000122070312,
            "currentVolume": 32483343,
            "Gap": -0.5807470582134414,
            "floatShares": 14998187904,
            "relativeVolume": 0.5712184769012353,
            "relativeVolumePercent": 57.30033178250351,
            "changeFromClose": -0.35774217283477655,
            "shortInterest": 134441154,
            "News": "Apple is reportedly losing $1 billion a year on its streaming service as churn levels increase"
        }
    ],
    "MSFT": [
        {
            "currentPrice": 387.2699890136719,
            "currentVolume": 10640579,
            "Gap": -0.5376262011446885,
            "floatShares": 7423649000,
            "relativeVolume": 0.4534755835588524,
            "relativeVolumePercent": 45.30841562757729,
            "changeFromClose": -0.14182308807164196,
            "shortInterest": 66334396,
            "News": "Short sellers have made $15 billion betting against Tesla and Nvidia in 2025"
        }
    ],
    "GOOG": [
        {
            "currentPrice": 165.1300048828125,
            "currentVolume": 14132106,
            "Gap": -1.4764264187379548,
            "floatShares": 10917973500,
            "relativeVolume": 0.6752620013159196,
            "relativeVolumePercent": 52.258369507046446,
            "changeFromClose": -0.6916008569441715,
            "shortInterest": 38855537,
            "News": "Short sellers have made $15 billion betting against Tesla and Nvidia in 2025"
        }
    ],
    "NVDA": [
        {
            "currentPrice": 118.7249984741211,
            "currentVolume": 208643261,
            "Gap": -0.8466602668561292,
            "floatShares": 23413264000,
            "relativeVolume": 0.6701169420129036,
            "relativeVolumePercent": 122.11909239585832,
            "changeFromClose": 1.0220415629326713,
            "shortInterest": 241358114,
            "News": "Quantum computing stocks take hit following Nvidia CEO's remarks"
        }
    ],
    "QBTS": [
        {
            "currentPrice": 8.675000190734863,
            "currentVolume": 171052667,
            "Gap": -2.830190376778715,
            "floatShares": 281716348,
            "relativeVolume": 1.5931274525902028,
            "relativeVolumePercent": 464.9434186505612,
            "changeFromClose": -18.16037850432563,
            "shortInterest": 54448997,
            "News": "Quantum computing stocks take hit following Nvidia CEO's remarks"
        }
    ],
    "ANTE": [
        {
            "currentPrice": 0.48539999127388,
            "currentVolume": 2112975,
            "Gap": -3.7037110623015317,
            "floatShares": 6559425,
            "relativeVolume": 0.15758944220284754,
            "relativeVolumePercent": 412.1001050052503,
            "changeFromClose": -10.11111629892258,
            "shortInterest": 33075,
            "News": "No News"
        }
    ],
    "ADTX": [
        {
            "currentPrice": 10.890000343322754,
            "currentVolume": 16968985,
            "Gap": 16.45065419872957,
            "floatShares": 56935,
            "relativeVolume": 1.1885709344229485,
            "relativeVolumePercent": 413.61167916382635,
            "changeFromClose": 8.673977155743767,
            "shortInterest": 39180,
            "News": "Aditxt subsidiary Persanta engages Dominary Securities for IPO"
        }
    ],
    "XHLD": [
        {
            "currentPrice": 0.9894000291824341,
            "currentVolume": 14803486,
            "Gap": -1.8867981112750467,
            "floatShares": 1505250,
            "relativeVolume": 0.6418660897013425,
            "relativeVolumePercent": 279.7372180977728,
            "changeFromClose": -37.73584976390938,
            "shortInterest": 62231,
            "News": "No News"
        }
    ]
}