{
    "AAPL": [
        {
            "currentPrice": 211.89999389648438,
            "currentVolume": 0.0,
            "Gap": 0.06542027553665304,
            "floatShares": 14998187904,
            "relativeVolume": 0.447201221487068,
            "relativeVolumePercent": 130.9414631098894,
            "changeFromClose": -0.9670079311477804,
            "shortInterest": 134441154,
            "News": "Apple stock rout shaves nearly $700 billion from market cap since record close"
        }
    ],
    "MSFT": [
        {
            "currentPrice": 382.93450927734375,
            "currentVolume": 0.0,
            "Gap": -0.3653237414816547,
            "floatShares": 7423649000,
            "relativeVolume": 0.36249520077850017,
            "relativeVolumePercent": 164.1690240452617,
            "changeFromClose": -1.4832782991055453,
            "shortInterest": 66334396,
            "News": "Google is testing Trump's new antitrust cops with $32 billion Wiz deal"
        }
    ],
    "GOOG": [
        {
            "currentPrice": 161.99000549316406,
            "currentVolume": 0.0,
            "Gap": -0.3662127535146421,
            "floatShares": 10917973500,
            "relativeVolume": 0.807107677279748,
            "relativeVolumePercent": 163.02687838761466,
            "changeFromClose": -2.749595743332101,
            "shortInterest": 38855537,
            "News": "Google is testing Trump's new antitrust cops with $32 billion Wiz deal"
        }
    ],
    "NVDA": [
        {
            "currentPrice": 116.38999938964844,
            "currentVolume": 0.0,
            "Gap": -1.238179321219406,
            "floatShares": 23413264000,
            "relativeVolume": 0.6533284567260433,
            "relativeVolumePercent": 197.3561799379682,
            "changeFromClose": -2.6311358447124267,
            "shortInterest": 241358114,
            "News": "Nvidia, GM partner on next-gen AI for self driving cars and factory robotics"
        }
    ],
    "QBTS": [
        {
            "currentPrice": 10.53499984741211,
            "currentVolume": 0.0,
            "Gap": 7.487687265468927,
            "floatShares": 241472404,
            "relativeVolume": 2.7838308057698553,
            "relativeVolumePercent": 169.81001024969638,
            "changeFromClose": 10.147790397598582,
            "shortInterest": 54448997,
            "News": "Quantum computing, Affirm, Netflix upgrade: Market Minute"
        }
    ],
    "ANTE": [
        {
            "currentPrice": 0.6800000071525574,
            "currentVolume": 0.0,
            "Gap": -27.950313272384562,
            "floatShares": 6559425,
            "relativeVolume": 1.323941815528779,
            "relativeVolumePercent": 288.1108057283379,
            "changeFromClose": -57.763975086295304,
            "shortInterest": 33075,
            "News": "No News"
        }
    ]
}