{
    "AAPL": [
        {
            "Open": 211.25,
            "High": 213.94000244140625,
            "Low": 209.5800018310547,
            "Close": 213.72120666503906,
            "Volume": 24161265,
            "Dividends": 0.0,
            "Stock Splits": 0.0
        }
    ],
    "MSFT": [
        {
            "Open": 379.9200134277344,
            "High": 387.3999938964844,
            "Low": 379.510009765625,
            "Close": 387.0899963378906,
            "Volume": 6494664,
            "Dividends": 0.0,
            "Stock Splits": 0.0
        }
    ],
    "GOOG": [
        {
            "Open": 165.31500244140625,
            "High": 167.0800018310547,
            "Low": 164.50999450683594,
            "Close": 166.77000427246094,
            "Volume": 7040084,
            "Dividends": 0.0,
            "Stock Splits": 0.0
        }
    ],
    "NVDA": [
        {
            "Open": 118.62000274658203,
            "High": 121.87999725341797,
            "Low": 118.1500015258789,
            "Close": 121.6449966430664,
            "Volume": 128495109,
            "Dividends": 0.0,
            "Stock Splits": 0.0
        }
    ]
}