{
    "AAPL": [
        {
            "currentPrice": 212.3654022216797,
            "currentVolume": 20366226.0,
            "Gap": 0.06542027553665304,
            "floatShares": 14998187904,
            "relativeVolume": 0.3555900755048717,
            "relativeVolumePercent": 146.5017568114792,
            "changeFromClose": -0.7659341687353971,
            "shortInterest": 134441154,
            "News": "Magnificent Seven Stocks: Nvidia Sells Off Ahead Of Jensen Huang Speech; Google, Meta, Tesla Tumble"
        }
    ],
    "MSFT": [
        {
            "currentPrice": 382.3299865722656,
            "currentVolume": 6995246.0,
            "Gap": -0.3653237414816547,
            "floatShares": 7423649000,
            "relativeVolume": 0.2815239832290853,
            "relativeVolumePercent": 133.76677995385157,
            "changeFromClose": -1.6388025301560298,
            "shortInterest": 66334396,
            "News": "Magnificent Seven Stocks: Nvidia Sells Off Ahead Of Jensen Huang Speech; Google, Meta, Tesla Tumble"
        }
    ],
    "GOOG": [
        {
            "currentPrice": 161.75999450683594,
            "currentVolume": 14564226.0,
            "Gap": -0.3662127535146421,
            "floatShares": 10917973500,
            "relativeVolume": 0.696016366931229,
            "relativeVolumePercent": 96.12688378393632,
            "changeFromClose": -2.887682419332794,
            "shortInterest": 38855537,
            "News": "BYD EV charging, Lucid, Alphabet-Wiz deal: Market Minute"
        }
    ],
    "NVDA": [
        {
            "currentPrice": 118.58779907226562,
            "currentVolume": 146688394.0,
            "Gap": -1.238179321219406,
            "floatShares": 23413264000,
            "relativeVolume": 0.4552643460893578,
            "relativeVolumePercent": 87.47490151178327,
            "changeFromClose": -0.8198742889210187,
            "shortInterest": 241358114,
            "News": "Mag 7 declines, Reddit, PepsiCo: Market Minute"
        }
    ],
    "QBTS": [
        {
            "currentPrice": 11.238300323486328,
            "currentVolume": 111008166.0,
            "Gap": -9.83900135459282,
            "floatShares": 241472404,
            "relativeVolume": 1.220284182180083,
            "relativeVolumePercent": 71.21169272530153,
            "changeFromClose": 0.5214670547330564,
            "shortInterest": 54448997,
            "News": "Quantum computing, Affirm, Netflix upgrade: Market Minute"
        }
    ],
    "ANTE": [
        {
            "currentPrice": 0.6948999762535095,
            "currentVolume": 14158569.0,
            "Gap": -27.950313272384562,
            "floatShares": 6559425,
            "relativeVolume": 1.2415735027048167,
            "relativeVolumePercent": 392.9698264911154,
            "changeFromClose": -56.83851117520441,
            "shortInterest": 33075,
            "News": "No News"
        }
    ]
}