{
    "AAPL": [
        {
            "currentPrice": 213.52999877929688,
            "currentVolume": 16835321.0,
            "Gap": 0.06542027553665304,
            "floatShares": 14998187904,
            "relativeVolume": 0.2939412076414527,
            "relativeVolumePercent": 221.09400317345714,
            "changeFromClose": -0.2196267386463201,
            "shortInterest": 134441154,
            "News": "Magnificent Seven Stocks: Nvidia Sells Off Ahead Of Jensen Huang Speech; Google, Meta, Tesla Tumble"
        }
    ],
    "MSFT": [
        {
            "currentPrice": 383.7699890136719,
            "currentVolume": 5847762.0,
            "Gap": -0.3653237414816547,
            "floatShares": 7423649000,
            "relativeVolume": 0.2353434391321881,
            "relativeVolumePercent": 236.72614462095817,
            "changeFromClose": -1.2683362589485907,
            "shortInterest": 66334396,
            "News": "Elon Musk and Sam Altman finally agree on something: When their courtroom showdown should start"
        }
    ],
    "GOOG": [
        {
            "currentPrice": 162.38999938964844,
            "currentVolume": 13212857.000000002,
            "Gap": -0.3662127535146421,
            "floatShares": 10917973500,
            "relativeVolume": 0.6314351841231974,
            "relativeVolumePercent": 294.5111844646556,
            "changeFromClose": -2.5094601373428365,
            "shortInterest": 38855537,
            "News": "BYD EV charging, Lucid, Alphabet-Wiz deal: Market Minute"
        }
    ],
    "NVDA": [
        {
            "currentPrice": 117.12069702148438,
            "currentVolume": 122911994.0,
            "Gap": -1.238179321219406,
            "floatShares": 23413264000,
            "relativeVolume": 0.38147154692380825,
            "relativeVolumePercent": 160.88556725621214,
            "changeFromClose": -2.015646099236639,
            "shortInterest": 241358114,
            "News": "Nvidia's GTC event could be a 'wake-up moment' for investors as the AI trade falters"
        }
    ],
    "QBTS": [
        {
            "currentPrice": 11.324999809265137,
            "currentVolume": 99822826.00000001,
            "Gap": -9.83900135459282,
            "floatShares": 241472404,
            "relativeVolume": 1.0973266199922151,
            "relativeVolumePercent": 510.47002533875576,
            "changeFromClose": 1.2969543840014741,
            "shortInterest": 54448997,
            "News": "Quantum computing, Affirm, Netflix upgrade: Market Minute"
        }
    ],
    "ANTE": [
        {
            "currentPrice": 0.7699999809265137,
            "currentVolume": 11510854.0,
            "Gap": -27.950313272384562,
            "floatShares": 6559425,
            "relativeVolume": 1.0093937685301213,
            "relativeVolumePercent": 1637.188895979579,
            "changeFromClose": -52.173914653109485,
            "shortInterest": 33075,
            "News": "No News"
        }
    ]
}