{
    "AAPL": [
        {
            "currentPrice": 214.26980590820312,
            "currentVolume": 0.0,
            "Gap": -0.060895067435211975,
            "floatShares": 14998187904,
            "relativeVolume": 0.5870865592598468,
            "relativeVolumePercent": 180.9308453634243,
            "changeFromClose": 0.365356109994503,
            "shortInterest": 134441154,
            "News": "Are Nvidia and Tesla deeply oversold screaming buys?"
        }
    ],
    "MSFT": [
        {
            "currentPrice": 391.05999755859375,
            "currentVolume": 0.0,
            "Gap": -0.46067751599981593,
            "floatShares": 7423649000,
            "relativeVolume": 0.4805128221604459,
            "relativeVolumePercent": 184.02992830780977,
            "changeFromClose": 0.6434012805507616,
            "shortInterest": 66334396,
            "News": "Elon Musk and Sam Altman finally agree on something: When their courtroom showdown should start"
        }
    ],
    "GOOG": [
        {
            "currentPrice": 167.25999450683594,
            "currentVolume": 0.0,
            "Gap": -0.17599223096210664,
            "floatShares": 10917973500,
            "relativeVolume": 0.5211821380203392,
            "relativeVolumePercent": 231.4145982209641,
            "changeFromClose": -0.20880017594671493,
            "shortInterest": 38855537,
            "News": "Nvidia GTC 2025: What to expect from Nvidia's biggest event of the year"
        }
    ],
    "NVDA": [
        {
            "currentPrice": 119.93990325927734,
            "currentVolume": 0.0,
            "Gap": 2.6215597259860552,
            "floatShares": 23413264000,
            "relativeVolume": 0.8031712473368413,
            "relativeVolumePercent": 227.87499875114202,
            "changeFromClose": 5.269074443165764,
            "shortInterest": 241358114,
            "News": "Is Nvidia stock washed out yet on the charts?"
        }
    ],
    "QBTS": [
        {
            "currentPrice": 11.478599548339844,
            "currentVolume": 0.0,
            "Gap": 7.487687265468927,
            "floatShares": 241472404,
            "relativeVolume": 2.6623702467845862,
            "relativeVolumePercent": 549.6022073770145,
            "changeFromClose": 13.024635992365344,
            "shortInterest": 54448997,
            "News": "Quantum computing, Affirm, Netflix upgrade: Market Minute"
        }
    ],
    "ANTE": [
        {
            "currentPrice": 1.559999942779541,
            "currentVolume": 0.0,
            "Gap": 55.55555392031153,
            "floatShares": 6559425,
            "relativeVolume": 214.71422553269431,
            "relativeVolumePercent": 274.6973252858624,
            "changeFromClose": 92.59258496145382,
            "shortInterest": 33075,
            "News": "No News"
        }
    ]
}