{
    "AAPL": [
        {
            "currentPrice": 217.8,
            "currentVolume": 93387509,
            "Gap": -1.1863654705800435,
            "floatShares": 14998187904,
            "relativeVolume": 1.6418157700079177,
            "relativeVolumePercent": -0.49346434781454573,
            "changeFromClose": 1.9476870855058042,
            "shortInterest": 134441154,
            "News": "Apple's AI shakeup: They might not be 'moving the needle' on AI"
        }
    ],
    "MSFT": [
        {
            "currentPrice": 391.51,
            "currentVolume": 38759185,
            "Gap": -0.93578615227407,
            "floatShares": 7423649000,
            "relativeVolume": 1.7238652848386633,
            "relativeVolumePercent": -0.299324084257806,
            "changeFromClose": 1.1425947341478244,
            "shortInterest": 66334396,
            "News": "ChatGPT: Everything you need to know about the AI-powered chatbot"
        }
    ],
    "GOOG": [
        {
            "currentPrice": 166.5,
            "currentVolume": 29408884,
            "Gap": -1.0118134735336055,
            "floatShares": 10917973500,
            "relativeVolume": 1.4201474528790234,
            "relativeVolumePercent": -0.714691175639336,
            "changeFromClose": 0.7270505459281221,
            "shortInterest": 38855537,
            "News": "3 of Goldman Sachs' best investing tips for currently volatile markets"
        }
    ],
    "NVDA": [
        {
            "currentPrice": 117.64,
            "currentVolume": 263619579,
            "Gap": -1.3414294729313225,
            "floatShares": 23413020000,
            "relativeVolume": 0.8745506878081392,
            "relativeVolumePercent": -0.761599481571572,
            "changeFromClose": -0.7002462158125495,
            "shortInterest": 241358114,
            "News": "Super Micro jumps after JPMorgan upgrade, lifts price target"
        }
    ],
    "QBTS": [
        {
            "currentPrice": 8.45,
            "currentVolume": 96853478,
            "Gap": -4.948209116973263,
            "floatShares": 281716348,
            "relativeVolume": 0.7992264628091371,
            "relativeVolumePercent": -0.6247375931328083,
            "changeFromClose": -3.7974676598488277,
            "shortInterest": 54448997,
            "News": "As Nvidia's GTC wraps up, what's next for AI, quantum computing?"
        }
    ],
    "ANTE": [
        {
            "currentPrice": 0.502,
            "currentVolume": 2133416,
            "Gap": 4.081628681073312,
            "floatShares": 6559425,
            "relativeVolume": 0.15674779703021172,
            "relativeVolumePercent": -7.387275811556873,
            "changeFromClose": 4.081628681073312,
            "shortInterest": 33075,
            "News": "No News"
        }
    ],
    "ADTX": [
        {
            "currentPrice": 9.63,
            "currentVolume": 976803,
            "Gap": -6.828807959692671,
            "floatShares": 56935,
            "relativeVolume": 0.06254679881145031,
            "relativeVolumePercent": -1.2024628355702098,
            "changeFromClose": -9.91580456081155,
            "shortInterest": 39180,
            "News": "Aditxt subsidiary Persanta engages Dominary Securities for IPO"
        }
    ],
    "XHLD": [
        {
            "currentPrice": 1.4398,
            "currentVolume": 58330034,
            "Gap": 13.340021967032234,
            "floatShares": 1505250,
            "relativeVolume": 2.3902714761179515,
            "relativeVolumePercent": -1.9434816479138557,
            "changeFromClose": 40.42126435503469,
            "shortInterest": 62231,
            "News": "No News"
        }
    ]
}