{
    "AAPL": [
        {
            "currentPrice": 213.35,
            "currentVolume": 60107582.0,
            "Gap": 0.7487635344619559,
            "floatShares": 14998187904,
            "relativeVolume": 1.0562607333829865,
            "relativeVolumePercent": -576.5991759484269,
            "changeFromClose": 1.8170607356296813,
            "shortInterest": 134441154,
            "News": "Trump isn't backing down from Big Tech fights \u2014 but is willing to bend on AI"
        }
    ],
    "MSFT": [
        {
            "currentPrice": 387.87,
            "currentVolume": 19952846.0,
            "Gap": 0.2666551719831592,
            "floatShares": 7423649000,
            "relativeVolume": 0.7609071645381135,
            "relativeVolumePercent": -620.6446595579432,
            "changeFromClose": 2.584684327925595,
            "shortInterest": 66334396,
            "News": "Can This Unstoppable Stock Join Apple, Microsoft, Nvidia, Amazon, Alphabet, and Meta Platforms in the $1 Trillion Club by 2035?"
        }
    ],
    "GOOG": [
        {
            "currentPrice": 167.41,
            "currentVolume": 18611094.0,
            "Gap": 0.3551306556425703,
            "floatShares": 10917973500,
            "relativeVolume": 0.819100073218504,
            "relativeVolumePercent": -786.4110136367584,
            "changeFromClose": 1.7543856398979412,
            "shortInterest": 38855537,
            "News": "People are using Google's new AI model to remove watermarks from images"
        }
    ],
    "NVDA": [
        {
            "currentPrice": 121.5,
            "currentVolume": 277593455.0,
            "Gap": 2.6215597259860552,
            "floatShares": 23413264000,
            "relativeVolume": 0.7929241419320426,
            "relativeVolumePercent": -419.4457826668578,
            "changeFromClose": 5.269074443165764,
            "shortInterest": 241358114,
            "News": "13 things that should bother you about the stock market right now"
        }
    ],
    "QBTS": [
        {
            "currentPrice": 9.9598,
            "currentVolume": 259528824.0,
            "Gap": 11.43270592326993,
            "floatShares": 241472404,
            "relativeVolume": 4.863653219017601,
            "relativeVolumePercent": -137.7022001781764,
            "changeFromClose": 46.888565016851466,
            "shortInterest": 54448997,
            "News": "Quantum Stocks Pick Up Speed in Front of AI Conference"
        }
    ],
    "RDUS": [
        {
            "currentPrice": 28.27,
            "currentVolume": 8534952.0,
            "Gap": 107.54026865410722,
            "floatShares": 26193798,
            "relativeVolume": 23.170585836618187,
            "relativeVolumePercent": -578.412797850846,
            "changeFromClose": 103.5871140306857,
            "shortInterest": 601722,
            "News": "The past three years for Radius Recycling (NASDAQ:RDUS) investors has not been profitable"
        }
    ]
}