{
    "AAPL": [
        {
            "currentPrice": 213.1,
            "currentVolume": -1100382972.75895,
            "Gap": 0.07476806640625,
            "floatShares": 14998187904,
            "relativeVolume": 0.7401124804482596,
            "relativeVolumePercent": 19.801291226360508,
            "changeFromClose": -0.6121483918662383,
            "shortInterest": 134441154,
            "News": "Stalling rally, Magnificent 7 vs. ARKK, gold: Market Takeaways"
        }
    ],
    "MSFT": [
        {
            "currentPrice": 383.5,
            "currentVolume": -505815042.04980505,
            "Gap": -0.41934778276886675,
            "floatShares": 7423649000,
            "relativeVolume": 0.783693584456758,
            "relativeVolumePercent": 26.78667312637424,
            "changeFromClose": -1.3326532108777929,
            "shortInterest": 66334396,
            "News": "Stalling rally, Magnificent 7 vs. ARKK, gold: Market Takeaways"
        }
    ],
    "GOOG": [
        {
            "currentPrice": 162.73,
            "currentVolume": -639170350.076638,
            "Gap": -0.3662127535146421,
            "floatShares": 10917973500,
            "relativeVolume": 1.174887776663854,
            "relativeVolumePercent": 21.59893391458522,
            "changeFromClose": -2.3413633810331165,
            "shortInterest": 38855537,
            "News": "Stalling rally, Magnificent 7 vs. ARKK, gold: Market Takeaways"
        }
    ],
    "NVDA": [
        {
            "currentPrice": 116.07,
            "currentVolume": -7761598782.9868355,
            "Gap": -1.2800123775805454,
            "floatShares": 23413264000,
            "relativeVolume": 0.9258610577901241,
            "relativeVolumePercent": 41.20833211681738,
            "changeFromClose": -3.4300999882811274,
            "shortInterest": 241358114,
            "News": "Nvidia GTC: What could lift the chip stock back up in 2025?"
        }
    ],
    "QBTS": [
        {
            "currentPrice": 10.96,
            "currentVolume": -4019292567.699727,
            "Gap": -9.83900135459282,
            "floatShares": 281716348,
            "relativeVolume": 1.6954954122104557,
            "relativeVolumePercent": 44.19121384056061,
            "changeFromClose": -3.398927585583311,
            "shortInterest": 54448997,
            "News": "Quantum computing, Affirm, Netflix upgrade: Market Minute"
        }
    ],
    "ANTE": [
        {
            "currentPrice": 0.5848,
            "currentVolume": -448916791.8862661,
            "Gap": -27.329195857825226,
            "floatShares": 6559425,
            "relativeVolume": 1.50489433081713,
            "relativeVolumePercent": 20.55871617626068,
            "changeFromClose": -60.86956586124379,
            "shortInterest": 33075,
            "News": "No News"
        }
    ]
}