{
    "AAPL": [
        {
            "currentPrice": 213.4600067138672,
            "currentVolume": 17389067.0,
            "Gap": 0.06542027553665304,
            "floatShares": 14998187904,
            "relativeVolume": 0.30360949777780494,
            "relativeVolumePercent": 181.56828986252088,
            "changeFromClose": -0.2523333112770152,
            "shortInterest": 134441154,
            "News": "Magnificent Seven Stocks: Nvidia Sells Off Ahead Of Jensen Huang Speech; Google, Meta, Tesla Tumble"
        }
    ],
    "MSFT": [
        {
            "currentPrice": 383.3500061035156,
            "currentVolume": 6004406.0,
            "Gap": -0.3653237414816547,
            "floatShares": 7423649000,
            "relativeVolume": 0.24164033970036763,
            "relativeVolumePercent": 334.2656030032848,
            "changeFromClose": -1.3763843415230146,
            "shortInterest": 66334396,
            "News": "Elon Musk and Sam Altman finally agree on something: When their courtroom showdown should start"
        }
    ],
    "GOOG": [
        {
            "currentPrice": 162.18499755859375,
            "currentVolume": 13372097.0,
            "Gap": -0.17599223096210664,
            "floatShares": 10917973500,
            "relativeVolume": 0.639045176323959,
            "relativeVolumePercent": 199.36005132177786,
            "changeFromClose": -0.6264096310435256,
            "shortInterest": 38855537,
            "News": "BYD EV charging, Lucid, Alphabet-Wiz deal: Market Minute"
        }
    ],
    "NVDA": [
        {
            "currentPrice": 117.33999633789062,
            "currentVolume": 127077697.0,
            "Gap": -1.238179321219406,
            "floatShares": 23413264000,
            "relativeVolume": 0.3944002865505948,
            "relativeVolumePercent": 108.53854728071998,
            "changeFromClose": -1.832178083971978,
            "shortInterest": 241358114,
            "News": "Mag 7 declines, Reddit, PepsiCo: Market Minute"
        }
    ],
    "QBTS": [
        {
            "currentPrice": 11.220000267028809,
            "currentVolume": 101298682.0,
            "Gap": -9.83900135459282,
            "floatShares": 241472404,
            "relativeVolume": 1.1135503249399714,
            "relativeVolumePercent": 224.72051427912416,
            "changeFromClose": 0.3577814021571123,
            "shortInterest": 54448997,
            "News": "Quantum computing, Affirm, Netflix upgrade: Market Minute"
        }
    ],
    "ANTE": [
        {
            "currentPrice": 0.75,
            "currentVolume": 12022762.0,
            "Gap": -27.950313272384562,
            "floatShares": 6559425,
            "relativeVolume": 1.054283291519529,
            "relativeVolumePercent": 13.632344297068672,
            "changeFromClose": -53.41614948222815,
            "shortInterest": 33075,
            "News": "No News"
        }
    ]
}