{
    "AAPL": [
        {
            "currentPrice": 214.7899932861328,
            "currentVolume": 0.0,
            "Gap": -0.060895067435211975,
            "floatShares": 14998187904,
            "relativeVolume": 0.540247409101489,
            "relativeVolumePercent": 323.7867753216336,
            "changeFromClose": 0.608922085118582,
            "shortInterest": 134441154,
            "News": "Are Nvidia and Tesla deeply oversold screaming buys?"
        }
    ],
    "MSFT": [
        {
            "currentPrice": 391.3127136230469,
            "currentVolume": 0.0,
            "Gap": -0.46067751599981593,
            "floatShares": 7423649000,
            "relativeVolume": 0.4501575109257642,
            "relativeVolumePercent": 438.5938935122046,
            "changeFromClose": 0.6974447889915549,
            "shortInterest": 66334396,
            "News": "Elon Musk and Sam Altman finally agree on something: When their courtroom showdown should start"
        }
    ],
    "GOOG": [
        {
            "currentPrice": 167.22000122070312,
            "currentVolume": 0.0,
            "Gap": -0.17599223096210664,
            "floatShares": 10917973500,
            "relativeVolume": 0.49081925943315907,
            "relativeVolumePercent": 512.0615968471756,
            "changeFromClose": -0.23266877521132176,
            "shortInterest": 38855537,
            "News": "Nvidia GTC 2025: What to expect from Nvidia's biggest event of the year"
        }
    ],
    "NVDA": [
        {
            "currentPrice": 120.34989929199219,
            "currentVolume": 0.0,
            "Gap": 0.8777848356453946,
            "floatShares": 23413264000,
            "relativeVolume": 0.6198091749779036,
            "relativeVolumePercent": 462.28693050510793,
            "changeFromClose": -1.0849830663431892,
            "shortInterest": 241358114,
            "News": "Is Nvidia stock washed out yet on the charts?"
        }
    ],
    "QBTS": [
        {
            "currentPrice": 11.775899887084961,
            "currentVolume": 0.0,
            "Gap": 7.487687265468927,
            "floatShares": 241472404,
            "relativeVolume": 2.544954139455757,
            "relativeVolumePercent": 675.8392054596903,
            "changeFromClose": 16.018722459716887,
            "shortInterest": 54448997,
            "News": "Quantum computing, Affirm, Netflix upgrade: Market Minute"
        }
    ],
    "RDUS": [
        {
            "currentPrice": 28.90999984741211,
            "currentVolume": 0.0,
            "Gap": 1.330459713552031,
            "floatShares": 26193798,
            "relativeVolume": 2.320415381072991,
            "relativeVolumePercent": 624.5947756195579,
            "changeFromClose": 3.9554131700608117,
            "shortInterest": 601722,
            "News": "The past three years for Radius Recycling (NASDAQ:RDUS) investors has not been profitable"
        }
    ],
    "QNTM": [
        {
            "currentPrice": 7.46999979019165,
            "currentVolume": 0.0,
            "Gap": 15.132929819222154,
            "floatShares": 1596221,
            "relativeVolume": 76.10629868896068,
            "relativeVolumePercent": 1134.1095334685597,
            "changeFromClose": 52.76073607667152,
            "shortInterest": 49138,
            "News": "Psychedelic: GH Research, Compass Pathways report earnings results"
        }
    ]
}