{
    "AAPL": [
        {
            "currentPrice": 216.0865936279297,
            "currentVolume": 13348433,
            "Gap": -0.5807470582134414,
            "floatShares": 14998187904,
            "relativeVolume": 0.23479123370655486,
            "relativeVolumePercent": 113.86801808769071,
            "changeFromClose": 0.3970446837080104,
            "shortInterest": 134441154,
            "News": "Apple TV+ streaming reportedly racks up $1B in losses each year"
        }
    ],
    "MSFT": [
        {
            "currentPrice": 388.44500732421875,
            "currentVolume": 4826388,
            "Gap": -0.5376262011446885,
            "floatShares": 7423649000,
            "relativeVolume": 0.20593476241536168,
            "relativeVolumePercent": 94.36175051504098,
            "changeFromClose": 0.161157234850315,
            "shortInterest": 66334396,
            "News": "The secret to Nvidia\u2019s research success: Failing often and quickly"
        }
    ],
    "GOOG": [
        {
            "currentPrice": 165.60000610351562,
            "currentVolume": 7123715,
            "Gap": -1.4764264187379548,
            "floatShares": 10917973500,
            "relativeVolume": 0.3404046925333592,
            "relativeVolumePercent": 125.43191093723584,
            "changeFromClose": -0.40894435937770424,
            "shortInterest": 38855537,
            "News": "The secret to Nvidia\u2019s research success: Failing often and quickly"
        }
    ],
    "NVDA": [
        {
            "currentPrice": 119.91999816894531,
            "currentVolume": 108545922,
            "Gap": -0.8466602668561292,
            "floatShares": 23413264000,
            "relativeVolume": 0.3488031397077592,
            "relativeVolumePercent": 157.64351187100158,
            "changeFromClose": 2.0468876685233126,
            "shortInterest": 241358114,
            "News": "CoreWeave now looks to raise $2.7B in IPO, down from $4B"
        }
    ],
    "QBTS": [
        {
            "currentPrice": 9.949999809265137,
            "currentVolume": 75649758,
            "Gap": -2.830190376778715,
            "floatShares": 281716348,
            "relativeVolume": 0.7048592396720088,
            "relativeVolumePercent": 238.59977582775392,
            "changeFromClose": -6.13208064917508,
            "shortInterest": 54448997,
            "News": "Quantum Computing Stocks Fall Ahead Of Nvidia Event"
        }
    ],
    "ANTE": [
        {
            "currentPrice": 0.5322999954223633,
            "currentVolume": 553130,
            "Gap": -3.7037110623015317,
            "floatShares": 6559425,
            "relativeVolume": 0.04126887252780704,
            "relativeVolumePercent": 8237.169357314348,
            "changeFromClose": -1.4259306906180196,
            "shortInterest": 33075,
            "News": "No News"
        }
    ],
    "ADTX": [
        {
            "currentPrice": 10.749500274658203,
            "currentVolume": 14611555,
            "Gap": 16.45065419872957,
            "floatShares": 56935,
            "relativeVolume": 1.024068214271592,
            "relativeVolumePercent": 68.27317373500186,
            "changeFromClose": 7.173485152963945,
            "shortInterest": 39180,
            "News": "Aditxt subsidiary Persanta engages Dominary Securities for IPO"
        }
    ],
    "XHLD": [
        {
            "currentPrice": 1.125,
            "currentVolume": 11483227,
            "Gap": -1.8867981112750467,
            "floatShares": 1505250,
            "relativeVolume": 0.5033628603315125,
            "relativeVolumePercent": 80.99994582197098,
            "changeFromClose": -29.2452845042097,
            "shortInterest": 62231,
            "News": "No News"
        }
    ]
}