{
    "AAPL": [
        {
            "Open": 211.25,
            "High": 213.94000244140625,
            "Low": 209.5800018310547,
            "Close": 212.6199951171875,
            "Volume": 27199260,
            "Dividends": 0.0,
            "Stock Splits": 0.0
        }
    ],
    "MSFT": [
        {
            "Open": 379.9200134277344,
            "High": 387.3999938964844,
            "Low": 379.510009765625,
            "Close": 386.6449890136719,
            "Volume": 7460796,
            "Dividends": 0.0,
            "Stock Splits": 0.0
        }
    ],
    "GOOG": [
        {
            "Open": 165.31500244140625,
            "High": 167.2899932861328,
            "Low": 164.50999450683594,
            "Close": 166.7082977294922,
            "Volume": 8081138,
            "Dividends": 0.0,
            "Stock Splits": 0.0
        }
    ],
    "NVDA": [
        {
            "Open": 118.62000274658203,
            "High": 121.87999725341797,
            "Low": 118.1500015258789,
            "Close": 120.87000274658203,
            "Volume": 149949071,
            "Dividends": 0.0,
            "Stock Splits": 0.0
        }
    ]
}