{
    "AAPL": [
        {
            "Open": 211.25,
            "High": 213.94000244140625,
            "Low": 209.5800018310547,
            "Close": 212.375,
            "Volume": 27726720,
            "Dividends": 0.0,
            "Stock Splits": 0.0
        }
    ],
    "MSFT": [
        {
            "Open": 379.9200134277344,
            "High": 387.3999938964844,
            "Low": 379.510009765625,
            "Close": 386.29998779296875,
            "Volume": 7615290,
            "Dividends": 0.0,
            "Stock Splits": 0.0
        }
    ],
    "GOOG": [
        {
            "Open": 165.31500244140625,
            "High": 167.2899932861328,
            "Low": 164.50999450683594,
            "Close": 166.76019287109375,
            "Volume": 8245638,
            "Dividends": 0.0,
            "Stock Splits": 0.0
        }
    ],
    "NVDA": [
        {
            "Open": 118.62000274658203,
            "High": 121.87999725341797,
            "Low": 118.1500015258789,
            "Close": 120.52140045166016,
            "Volume": 153512592,
            "Dividends": 0.0,
            "Stock Splits": 0.0
        }
    ]
}