{
    "AAPL": [
        {
            "currentPrice": 214.6199951171875,
            "currentVolume": 13274682.634379318,
            "Gap": 0.06542027553665304,
            "floatShares": 14998187904,
            "relativeVolume": 0.1783426466775325,
            "relativeVolumePercent": 193.79120938355723,
            "changeFromClose": 0.2897173444801402,
            "shortInterest": 134441154,
            "News": "Magnificent Seven Stocks: Nvidia Sells Off Ahead Of Jensen Huang Speech; Google, Meta, Tesla Tumble"
        }
    ],
    "MSFT": [
        {
            "currentPrice": 384.1099853515625,
            "currentVolume": 4442048.502056438,
            "Gap": -0.3653237414816547,
            "floatShares": 7423649000,
            "relativeVolume": 0.13756484482718376,
            "relativeVolumePercent": 153.5411084562184,
            "changeFromClose": -1.1731405750934174,
            "shortInterest": 66334396,
            "News": "Elon Musk and Sam Altman finally agree on something: When their courtroom showdown should start"
        }
    ],
    "GOOG": [
        {
            "currentPrice": 159.2949981689453,
            "currentVolume": 10381030.666290136,
            "Gap": -0.3662127535146421,
            "floatShares": 10917973500,
            "relativeVolume": 0.3817334858772614,
            "relativeVolumePercent": 138.97785378113153,
            "changeFromClose": -4.346524088860617,
            "shortInterest": 38855537,
            "News": "People are using Google's new AI model to remove watermarks from images"
        }
    ],
    "NVDA": [
        {
            "currentPrice": 115.86000061035156,
            "currentVolume": 94062241.36411959,
            "Gap": -1.238179321219406,
            "floatShares": 23413264000,
            "relativeVolume": 0.2246760260117724,
            "relativeVolumePercent": 145.97106044612994,
            "changeFromClose": -3.0711935556923464,
            "shortInterest": 241358114,
            "News": "Nvidia's GTC event could be a 'wake-up moment' for investors as the AI trade falters"
        }
    ],
    "QBTS": [
        {
            "currentPrice": 10.769800186157227,
            "currentVolume": 76229954.93451796,
            "Gap": -9.83900135459282,
            "floatShares": 241472404,
            "relativeVolume": 0.6449451027936847,
            "relativeVolumePercent": 123.11561571864857,
            "changeFromClose": -3.6690528427682825,
            "shortInterest": 54448997,
            "News": "Quantum computing, Affirm, Netflix upgrade: Market Minute"
        }
    ],
    "ANTE": [
        {
            "currentPrice": 0.8100000023841858,
            "currentVolume": 12691229.108723277,
            "Gap": -27.950313272384562,
            "floatShares": 6559425,
            "relativeVolume": 0.8565834161278809,
            "relativeVolumePercent": 436.2521118043591,
            "changeFromClose": -50.01863293009249,
            "shortInterest": 33075,
            "News": "No News"
        }
    ]
}