{
    "AAPL": [
        {
            "currentPrice": 213.35,
            "currentVolume": 60107582.0,
            "Gap": 0.7487635344619559,
            "floatShares": 14998187904,
            "relativeVolume": 1.0562607333829865,
            "News": "Trump isn't backing down from Big Tech fights \u2014 but is willing to bend on AI"
        }
    ],
    "MSFT": [
        {
            "currentPrice": 387.87,
            "currentVolume": 19952846.0,
            "Gap": 0.2666551719831592,
            "floatShares": 7423649000,
            "relativeVolume": 0.7609071645381135,
            "News": "Microsoft (MSFT)\u2019s AI-Powered Azure & Copilot Drive Bullish Market Sentiment"
        }
    ],
    "GOOG": [
        {
            "currentPrice": 167.41,
            "currentVolume": 18611094.0,
            "Gap": 0.3551306556425703,
            "floatShares": 10917973500,
            "relativeVolume": 0.819100073218504,
            "News": "Trump isn't backing down from Big Tech fights \u2014 but is willing to bend on AI"
        }
    ],
    "NVDA": [
        {
            "currentPrice": 121.5,
            "currentVolume": 277593455.0,
            "Gap": 2.6215597259860552,
            "floatShares": 23413264000,
            "relativeVolume": 0.7929241419320426,
            "News": "13 things that should bother you about the stock market right now"
        }
    ],
    "QBTS": [
        {
            "currentPrice": 9.9598,
            "currentVolume": 259528824.0,
            "Gap": 11.43270592326993,
            "floatShares": 241472404,
            "relativeVolume": 4.863653219017601,
            "News": "Quantum Stocks Pick Up Speed in Front of AI Conference"
        }
    ]
}