{
    "AAPL": [
        {
            "currentPrice": 212.2799072265625,
            "currentVolume": -1,
            "Gap": -0.060895067435211975,
            "floatShares": 14998187904,
            "relativeVolume": 0.0668701988423437,
            "relativeVolumePercent": 100.0,
            "changeFromClose": -0.5668172914259959,
            "shortInterest": 134441154,
            "News": "Are Nvidia and Tesla deeply oversold screaming buys?"
        }
    ],
    "MSFT": [
        {
            "currentPrice": 388.3999938964844,
            "currentVolume": -1,
            "Gap": -0.46067751599981593,
            "floatShares": 7423649000,
            "relativeVolume": 0.02229607967388923,
            "relativeVolumePercent": 100.0,
            "changeFromClose": -0.04117862443759329,
            "shortInterest": 66334396,
            "News": "Elon Musk and Sam Altman finally agree on something: When their courtroom showdown should start"
        }
    ],
    "GOOG": [
        {
            "currentPrice": 166.8800048828125,
            "currentVolume": -1,
            "Gap": -0.17599223096210664,
            "floatShares": 10917973500,
            "relativeVolume": 0.021483525291561202,
            "relativeVolumePercent": 100.0,
            "changeFromClose": -0.4414689511580367,
            "shortInterest": 38855537,
            "News": "Nvidia GTC 2025: What to expect from Nvidia's biggest event of the year"
        }
    ],
    "NVDA": [
        {
            "currentPrice": 119.12999725341797,
            "currentVolume": -1,
            "Gap": 0.8777848356453946,
            "floatShares": 23413264000,
            "relativeVolume": 0.46300885439373235,
            "relativeVolumePercent": 100.0,
            "changeFromClose": -2.0999427497549776,
            "shortInterest": 241358114,
            "News": "Is Nvidia stock washed out yet on the charts?"
        }
    ],
    "QBTS": [
        {
            "currentPrice": 10.835000038146973,
            "currentVolume": -1,
            "Gap": 7.487687265468927,
            "floatShares": 241472404,
            "relativeVolume": 0.44427653380712967,
            "relativeVolumePercent": 100.0,
            "changeFromClose": 6.7487728607017194,
            "shortInterest": 54448997,
            "News": "Quantum computing, Affirm, Netflix upgrade: Market Minute"
        }
    ],
    "RDUS": [
        {
            "currentPrice": 28.770000457763672,
            "currentVolume": -1,
            "Gap": 1.330459713552031,
            "floatShares": 26193798,
            "relativeVolume": 0.004969394047480338,
            "relativeVolumePercent": 100.0,
            "changeFromClose": 3.4519993177164845,
            "shortInterest": 601722,
            "News": "The past three years for Radius Recycling (NASDAQ:RDUS) investors has not been profitable"
        }
    ],
    "QNTM": [
        {
            "currentPrice": 8.539899826049805,
            "currentVolume": -1,
            "Gap": 15.132929819222154,
            "floatShares": 1596221,
            "relativeVolume": 0.014201237545921338,
            "relativeVolumePercent": 100.0,
            "changeFromClose": 73.48670263000565,
            "shortInterest": 49138,
            "News": "Psychedelic: GH Research, Compass Pathways report earnings results"
        }
    ]
}