{
    "AAPL": [
        {
            "currentPrice": 213.81,
            "currentVolume": 47841607.0,
            "Gap": -0.08431679701093846,
            "floatShares": 14998187904,
            "relativeVolume": 0.8366282391368329,
            "relativeVolumePercent": 14.666441988702658,
            "changeFromClose": 0.23888448813228752,
            "shortInterest": 134441154,
            "News": "Are Nvidia and Tesla deeply oversold screaming buys?"
        }
    ],
    "MSFT": [
        {
            "currentPrice": 388.96,
            "currentVolume": 21484898.0,
            "Gap": -0.47868678280038834,
            "floatShares": 7423649000,
            "relativeVolume": 0.8628521606145577,
            "relativeVolumePercent": 11.934833581810544,
            "changeFromClose": 0.03603424164022088,
            "shortInterest": 66334396,
            "News": "Elon Musk and Sam Altman finally agree on something: When their courtroom showdown should start"
        }
    ],
    "GOOG": [
        {
            "currentPrice": 166.4694,
            "currentVolume": 17761439.0,
            "Gap": -0.17599223096210664,
            "floatShares": 10917973500,
            "relativeVolume": 0.8240632491536174,
            "relativeVolumePercent": 16.777784665826328,
            "changeFromClose": -0.6264096310435256,
            "shortInterest": 38855537,
            "News": "Alphabet in talks to acquire Wiz for $30 billion: WSJ"
        }
    ],
    "NVDA": [
        {
            "currentPrice": 119.6,
            "currentVolume": 252270022.0,
            "Gap": 0.8794277232900642,
            "floatShares": 23413264000,
            "relativeVolume": 0.7468456881707107,
            "relativeVolumePercent": 26.980650115606792,
            "changeFromClose": -1.7588554465801285,
            "shortInterest": 241358114,
            "News": "Nvidia stock slides ahead of GTC as investors look to new Blackwell Ultra"
        }
    ],
    "QBTS": [
        {
            "currentPrice": 11.26,
            "currentVolume": 207269395.0,
            "Gap": 7.487687265468927,
            "floatShares": 241472404,
            "relativeVolume": 2.765152216557396,
            "relativeVolumePercent": 54.41146129334881,
            "changeFromClose": 10.147790397598582,
            "shortInterest": 54448997,
            "News": "Quantum computing, Affirm, Netflix upgrade: Market Minute"
        }
    ],
    "ANTE": [
        {
            "currentPrice": 1.38,
            "currentVolume": 106853898.0,
            "Gap": 55.55555392031153,
            "floatShares": 6559425,
            "relativeVolume": 217.46117589596435,
            "relativeVolumePercent": 108.69194606534136,
            "changeFromClose": 98.76543327977501,
            "shortInterest": 33075,
            "News": "No News"
        }
    ]
}