{
    "AAPL": [
        {
            "currentPrice": 213.84,
            "currentVolume": 48042800.0,
            "Gap": -0.08431679701093846,
            "floatShares": 14998187904,
            "relativeVolume": 0.8400769594343764,
            "changeFromClose": 0.23888448813228752,
            "shortInterest": 134441154,
            "News": "Are Nvidia and Tesla deeply oversold screaming buys?"
        }
    ],
    "MSFT": [
        {
            "currentPrice": 388.15,
            "currentVolume": 22463400.0,
            "Gap": -0.47868678280038834,
            "floatShares": 7423649000,
            "relativeVolume": 0.9020645155590609,
            "changeFromClose": 0.03603424164022088,
            "shortInterest": 66334396,
            "News": "Elon Musk and Sam Altman finally agree on something: When their courtroom showdown should start"
        }
    ],
    "GOOG": [
        {
            "currentPrice": 166.84,
            "currentVolume": 17820100.0,
            "Gap": -0.17599223096210664,
            "floatShares": 10917973500,
            "relativeVolume": 0.8267150878368253,
            "changeFromClose": -0.6264096310435256,
            "shortInterest": 38855537,
            "News": "People are using Google's new AI model to remove watermarks from images"
        }
    ],
    "NVDA": [
        {
            "currentPrice": 120.29,
            "currentVolume": 254773000.0,
            "Gap": 0.8794277232900642,
            "floatShares": 23413264000,
            "relativeVolume": 0.7540658460408473,
            "changeFromClose": -1.7588554465801285,
            "shortInterest": 241358114,
            "News": "Fed meeting, US housing starts, Nvidia GTC: What to Watch"
        }
    ],
    "QBTS": [
        {
            "currentPrice": 11.1,
            "currentVolume": 208953700.0,
            "Gap": 7.487687265468927,
            "floatShares": 241472404,
            "relativeVolume": 2.7838308057698553,
            "changeFromClose": 10.147790397598582,
            "shortInterest": 54448997,
            "News": "Quantum computing, Affirm, Netflix upgrade: Market Minute"
        }
    ]
}