{
    "AAPL": [
        {
            "Open": 211.25,
            "High": 213.94000244140625,
            "Low": 209.5800018310547,
            "Close": 212.9199981689453,
            "Volume": 28333733,
            "Dividends": 0.0,
            "Stock Splits": 0.0
        }
    ],
    "MSFT": [
        {
            "Open": 379.9200134277344,
            "High": 387.3999938964844,
            "Low": 379.510009765625,
            "Close": 387.0899963378906,
            "Volume": 7887113,
            "Dividends": 0.0,
            "Stock Splits": 0.0
        }
    ],
    "GOOG": [
        {
            "Open": 165.31500244140625,
            "High": 167.41000366210938,
            "Low": 164.50999450683594,
            "Close": 167.25,
            "Volume": 8530916,
            "Dividends": 0.0,
            "Stock Splits": 0.0
        }
    ],
    "NVDA": [
        {
            "Open": 118.62000274658203,
            "High": 121.87999725341797,
            "Low": 118.1500015258789,
            "Close": 121.03500366210938,
            "Volume": 157590968,
            "Dividends": 0.0,
            "Stock Splits": 0.0
        }
    ]
}