{
    "AAPL": [
        {
            "Open": 211.25,
            "High": 213.81019592285156,
            "Low": 209.5800018310547,
            "Close": 213.64999389648438,
            "Volume": 23693745,
            "Dividends": 0.0,
            "Stock Splits": 0.0
        }
    ],
    "MSFT": [
        {
            "Open": 379.9200134277344,
            "High": 387.3299865722656,
            "Low": 379.510009765625,
            "Close": 387.1900939941406,
            "Volume": 6265274,
            "Dividends": 0.0,
            "Stock Splits": 0.0
        }
    ],
    "GOOG": [
        {
            "Open": 165.31500244140625,
            "High": 167.07420349121094,
            "Low": 164.50999450683594,
            "Close": 167.05999755859375,
            "Volume": 6855889,
            "Dividends": 0.0,
            "Stock Splits": 0.0
        }
    ],
    "NVDA": [
        {
            "Open": 118.62000274658203,
            "High": 121.84500122070312,
            "Low": 118.1500015258789,
            "Close": 121.80999755859375,
            "Volume": 126038654,
            "Dividends": 0.0,
            "Stock Splits": 0.0
        }
    ]
}