{
    "AAPL": [
        {
            "currentPrice": 211.9550018310547,
            "currentVolume": 0.0,
            "Gap": 0.06542027553665304,
            "floatShares": 14998187904,
            "relativeVolume": 0.4485430763630205,
            "relativeVolumePercent": 88.86374651196945,
            "changeFromClose": -0.9556066210024824,
            "shortInterest": 134441154,
            "News": "Apple stock rout shaves nearly $700 billion from market cap since record close"
        }
    ],
    "MSFT": [
        {
            "currentPrice": 382.9700012207031,
            "currentVolume": 0.0,
            "Gap": -0.3653237414816547,
            "floatShares": 7423649000,
            "relativeVolume": 0.3636802563448325,
            "relativeVolumePercent": 93.67723019602863,
            "changeFromClose": -1.4741473646458698,
            "shortInterest": 66334396,
            "News": "Google is testing Trump's new antitrust cops with $32 billion Wiz deal"
        }
    ],
    "GOOG": [
        {
            "currentPrice": 162.1300048828125,
            "currentVolume": 0.0,
            "Gap": -0.3662127535146421,
            "floatShares": 10917973500,
            "relativeVolume": 0.8090259458488172,
            "relativeVolumePercent": 97.50987348550774,
            "changeFromClose": -2.665547365177241,
            "shortInterest": 38855537,
            "News": "Google is testing Trump's new antitrust cops with $32 billion Wiz deal"
        }
    ],
    "NVDA": [
        {
            "currentPrice": 116.57009887695312,
            "currentVolume": 0.0,
            "Gap": -1.238179321219406,
            "floatShares": 23413264000,
            "relativeVolume": 0.657014120953103,
            "relativeVolumePercent": 106.88288379092761,
            "changeFromClose": -2.476282048499793,
            "shortInterest": 241358114,
            "News": "Nvidia, GM partner on next-gen AI for self driving cars and factory robotics"
        }
    ],
    "QBTS": [
        {
            "currentPrice": 10.609999656677246,
            "currentVolume": 0.0,
            "Gap": -9.83900135459282,
            "floatShares": 241472404,
            "relativeVolume": 1.4650460689348286,
            "relativeVolumePercent": 115.81515521269606,
            "changeFromClose": -5.143119385008036,
            "shortInterest": 54448997,
            "News": "Quantum computing, Affirm, Netflix upgrade: Market Minute"
        }
    ],
    "ANTE": [
        {
            "currentPrice": 0.6797999739646912,
            "currentVolume": 0.0,
            "Gap": -27.950313272384562,
            "floatShares": 6559425,
            "relativeVolume": 1.3246333436515947,
            "relativeVolumePercent": 244.933482996591,
            "changeFromClose": -57.77639950779151,
            "shortInterest": 33075,
            "News": "No News"
        }
    ]
}