{
    "AAPL": [
        {
            "currentPrice": 214.60000610351562,
            "currentVolume": 0.0,
            "Gap": -0.060895067435211975,
            "floatShares": 14998187904,
            "relativeVolume": 0.4992662261342061,
            "relativeVolumePercent": 0.0,
            "changeFromClose": 0.5199309484242365,
            "shortInterest": 134441154,
            "News": "Are Nvidia and Tesla deeply oversold screaming buys?"
        }
    ],
    "MSFT": [
        {
            "currentPrice": 392.5249938964844,
            "currentVolume": 0.0,
            "Gap": -0.46067751599981593,
            "floatShares": 7423649000,
            "relativeVolume": 0.40093614984180637,
            "relativeVolumePercent": 0.0,
            "changeFromClose": 1.0204334884711632,
            "shortInterest": 66334396,
            "News": "Elon Musk and Sam Altman finally agree on something: When their courtroom showdown should start"
        }
    ],
    "GOOG": [
        {
            "currentPrice": 167.49000549316406,
            "currentVolume": 0.0,
            "Gap": -0.17599223096210664,
            "floatShares": 10917973500,
            "relativeVolume": 0.42146473726528744,
            "relativeVolumePercent": 0.0,
            "changeFromClose": -0.06562499317259746,
            "shortInterest": 38855537,
            "News": "Nvidia GTC 2025: What to expect from Nvidia's biggest event of the year"
        }
    ],
    "NVDA": [
        {
            "currentPrice": 120.88999938964844,
            "currentVolume": 0.0,
            "Gap": 0.8777848356453946,
            "floatShares": 23413264000,
            "relativeVolume": 0.5784374859838775,
            "relativeVolumePercent": 0.0,
            "changeFromClose": -0.6369701138671632,
            "shortInterest": 241358114,
            "News": "Is Nvidia stock washed out yet on the charts?"
        }
    ],
    "QBTS": [
        {
            "currentPrice": 11.425000190734863,
            "currentVolume": 0.0,
            "Gap": 7.487687265468927,
            "floatShares": 241472404,
            "relativeVolume": 2.301363942960881,
            "relativeVolumePercent": 0.0,
            "changeFromClose": 12.561582464268216,
            "shortInterest": 54448997,
            "News": "Quantum computing, Affirm, Netflix upgrade: Market Minute"
        }
    ],
    "RDUS": [
        {
            "currentPrice": 28.84000015258789,
            "currentVolume": 0.0,
            "Gap": 1.330459713552031,
            "floatShares": 26193798,
            "relativeVolume": 2.104871287128713,
            "relativeVolumePercent": 0.0,
            "changeFromClose": 3.7037062438886483,
            "shortInterest": 601722,
            "News": "The past three years for Radius Recycling (NASDAQ:RDUS) investors has not been profitable"
        }
    ],
    "QNTM": [
        {
            "currentPrice": 7.635000228881836,
            "currentVolume": 0.0,
            "Gap": 15.132929819222154,
            "floatShares": 1596221,
            "relativeVolume": 72.79618088542658,
            "relativeVolumePercent": 0.0,
            "changeFromClose": 56.13497826880413,
            "shortInterest": 49138,
            "News": "Psychedelic: GH Research, Compass Pathways report earnings results"
        }
    ]
}