{
    "AAPL": [
        {
            "currentPrice": 213.0,
            "currentVolume": 41207689,
            "Gap": 0.06542027553665304,
            "floatShares": 14998187904,
            "relativeVolume": 0.7194392528585827,
            "relativeVolumePercent": 19.801291226360508,
            "changeFromClose": -0.6121483918662383,
            "shortInterest": 134441154,
            "News": "Stalling rally, Magnificent 7 vs. ARKK, gold: Market Takeaways"
        }
    ],
    "MSFT": [
        {
            "currentPrice": 382.05,
            "currentVolume": 17266696,
            "Gap": -0.3653237414816547,
            "floatShares": 7423649000,
            "relativeVolume": 0.6948684588071812,
            "relativeVolumePercent": 26.786673126374243,
            "changeFromClose": -1.3326532108777929,
            "shortInterest": 66334396,
            "News": "Stalling rally, Magnificent 7 vs. ARKK, gold: Market Takeaways"
        }
    ],
    "GOOG": [
        {
            "currentPrice": 162.7,
            "currentVolume": 24573811,
            "Gap": -0.3662127535146421,
            "floatShares": 10917973500,
            "relativeVolume": 1.1742623173294622,
            "relativeVolumePercent": 21.59893391458522,
            "changeFromClose": -2.3413633810331165,
            "shortInterest": 38855537,
            "News": "Stalling rally, Magnificent 7 vs. ARKK, gold: Market Takeaways"
        }
    ],
    "NVDA": [
        {
            "currentPrice": 114.93,
            "currentVolume": 295197830,
            "Gap": -1.238179321219406,
            "floatShares": 23413264000,
            "relativeVolume": 0.9159734059191741,
            "relativeVolumePercent": 41.20833211681738,
            "changeFromClose": -3.4300999882811274,
            "shortInterest": 241358114,
            "News": "Stalling rally, Magnificent 7 vs. ARKK, gold: Market Takeaways"
        }
    ],
    "QBTS": [
        {
            "currentPrice": 10.4503,
            "currentVolume": 151512801,
            "Gap": -9.83900135459282,
            "floatShares": 241472404,
            "relativeVolume": 1.663516876023347,
            "relativeVolumePercent": 44.19121384056061,
            "changeFromClose": -3.398927585583311,
            "shortInterest": 54448997,
            "News": "Quantum computing, Affirm, Netflix upgrade: Market Minute"
        }
    ],
    "ANTE": [
        {
            "currentPrice": 0.6449,
            "currentVolume": 17091121,
            "Gap": -27.950313272384562,
            "floatShares": 6559425,
            "relativeVolume": 1.492011062331243,
            "relativeVolumePercent": 20.572092738728816,
            "changeFromClose": -60.857141439747586,
            "shortInterest": 33075,
            "News": "No News"
        }
    ],
    "ADTX": [
        {
            "currentPrice": 8.3299,
            "currentVolume": 90457253,
            "Gap": 32.51716341024342,
            "floatShares": 56937,
            "relativeVolume": 206.56137258103374,
            "relativeVolumePercent": 60.196221787221994,
            "changeFromClose": 71.62471845329299,
            "shortInterest": 39180,
            "News": "Aditxt subsidiary Persanta engages Dominary Securities for IPO"
        }
    ]
}