{
    "AAPL": [
        {
            "currentPrice": 214.33990478515625,
            "currentVolume": 11765340.513837771,
            "Gap": 0.06542027553665304,
            "floatShares": 14998187904,
            "relativeVolume": 0.14847730532549855,
            "relativeVolumePercent": 744.0822014816968,
            "changeFromClose": 0.1588767934068341,
            "shortInterest": 134441154,
            "News": "Apple Set for Strong Growth Through 2029, Says Evercore"
        }
    ],
    "MSFT": [
        {
            "currentPrice": 383.8599853515625,
            "currentVolume": 3869152.403329982,
            "Gap": -0.3653237414816547,
            "floatShares": 7423649000,
            "relativeVolume": 0.1125573793715173,
            "relativeVolumePercent": 1025.5463126753689,
            "changeFromClose": -1.245183098396928,
            "shortInterest": 66334396,
            "News": "Elon Musk and Sam Altman finally agree on something: When their courtroom showdown should start"
        }
    ],
    "GOOG": [
        {
            "currentPrice": 160.19000244140625,
            "currentVolume": 8172894.385148514,
            "Gap": -0.3662127535146421,
            "floatShares": 10917973500,
            "relativeVolume": 0.28234036411738617,
            "relativeVolumePercent": 551.8393750545104,
            "changeFromClose": -3.824224107511571,
            "shortInterest": 38855537,
            "News": "People are using Google's new AI model to remove watermarks from images"
        }
    ],
    "NVDA": [
        {
            "currentPrice": 115.09200286865234,
            "currentVolume": 82795996.81799577,
            "Gap": 0.8794277232900642,
            "floatShares": 23413264000,
            "relativeVolume": 0.7540658460408471,
            "relativeVolumePercent": 1347.7365777419182,
            "changeFromClose": -1.7588554465801285,
            "shortInterest": 241358114,
            "News": "Nvidia's GTC conference could be a 'wake-up moment' for investors as the AI trade falters"
        }
    ],
    "QBTS": [
        {
            "currentPrice": 10.490099906921387,
            "currentVolume": 68839635.796595,
            "Gap": 7.487687265468927,
            "floatShares": 241472404,
            "relativeVolume": 2.7838308057698553,
            "relativeVolumePercent": 1439.7971371773178,
            "changeFromClose": 10.147790397598582,
            "shortInterest": 54448997,
            "News": "Quantum computing, Affirm, Netflix upgrade: Market Minute"
        }
    ],
    "ANTE": [
        {
            "currentPrice": 0.875,
            "currentVolume": 10233980.368318131,
            "Gap": -27.950313272384562,
            "floatShares": 6559425,
            "relativeVolume": 0.6488585752205638,
            "relativeVolumePercent": 3205.119294788331,
            "changeFromClose": -45.652174395932846,
            "shortInterest": 33075,
            "News": "No News"
        }
    ]
}