{
    "AAPL": [
        {
            "currentPrice": 213.93,
            "currentVolume": -57837093.20058455,
            "Gap": -0.08431679701093846,
            "floatShares": 14998187904,
            "relativeVolume": 0.8400769594343764,
            "relativeVolumePercent": 14.666441988702658,
            "changeFromClose": 0.23888448813228752,
            "shortInterest": 134441154,
            "News": "Are Nvidia and Tesla deeply oversold screaming buys?"
        }
    ],
    "MSFT": [
        {
            "currentPrice": 388.805,
            "currentVolume": -27043750.101781238,
            "Gap": -0.47868678280038834,
            "floatShares": 7423649000,
            "relativeVolume": 0.9020645155590609,
            "relativeVolumePercent": 11.934833581810548,
            "changeFromClose": 0.03603424164022088,
            "shortInterest": 66334396,
            "News": "Elon Musk and Sam Altman finally agree on something: When their courtroom showdown should start"
        }
    ],
    "GOOG": [
        {
            "currentPrice": 166.64,
            "currentVolume": -21454319.535823014,
            "Gap": -0.17599223096210664,
            "floatShares": 10917973500,
            "relativeVolume": 0.8267150878368253,
            "relativeVolumePercent": 16.038063356270534,
            "changeFromClose": -0.6264096310435256,
            "shortInterest": 38855537,
            "News": "People are using Google's new AI model to remove watermarks from images"
        }
    ],
    "NVDA": [
        {
            "currentPrice": 119.51,
            "currentVolume": -306740932.30805343,
            "Gap": 0.8794277232900642,
            "floatShares": 23413264000,
            "relativeVolume": 0.7540658460408471,
            "relativeVolumePercent": 26.980650115606785,
            "changeFromClose": -1.7588554465801285,
            "shortInterest": 241358114,
            "News": "Fed meeting, US housing starts, Nvidia GTC: What to Watch"
        }
    ],
    "QBTS": [
        {
            "currentPrice": 10.8899,
            "currentVolume": -251582457.04879862,
            "Gap": 7.487687265468927,
            "floatShares": 241472404,
            "relativeVolume": 2.7838308057698558,
            "relativeVolumePercent": 54.41146129334881,
            "changeFromClose": 10.147790397598582,
            "shortInterest": 54448997,
            "News": "Quantum computing, Affirm, Netflix upgrade: Market Minute"
        }
    ],
    "ANTE": [
        {
            "currentPrice": 1.18,
            "currentVolume": -131535847.66902448,
            "Gap": 55.55555392031153,
            "floatShares": 6559425,
            "relativeVolume": 221.93482853892417,
            "relativeVolumePercent": 108.69194606534136,
            "changeFromClose": 98.76543327977501,
            "shortInterest": 33075,
            "News": "No News"
        }
    ]
}