{
    "AAPL": [
        {
            "currentPrice": 214.1,
            "currentVolume": 48270264,
            "Gap": -0.5807470582134414,
            "floatShares": 14998187904,
            "relativeVolume": 0.8489808064904201,
            "relativeVolumePercent": 15.248655281147656,
            "changeFromClose": -0.529641033522759,
            "shortInterest": 134441154,
            "News": "There could be a 'renaissance' in small tech stocks: Hot take from Opening Bid"
        }
    ],
    "MSFT": [
        {
            "currentPrice": 387.01,
            "currentVolume": 18380423,
            "Gap": -0.5376262011446885,
            "floatShares": 7423649000,
            "relativeVolume": 0.7841975876452896,
            "relativeVolumePercent": 9.842486751237628,
            "changeFromClose": -0.25269737708731277,
            "shortInterest": 66334396,
            "News": "There could be a 'renaissance' in small tech stocks: Hot take from Opening Bid"
        }
    ],
    "GOOG": [
        {
            "currentPrice": 165.04,
            "currentVolume": 19659425,
            "Gap": -1.4764264187379548,
            "floatShares": 10917973500,
            "relativeVolume": 0.9393690275334917,
            "relativeVolumePercent": 14.08431721041,
            "changeFromClose": -0.7397135774409245,
            "shortInterest": 38855537,
            "News": "There could be a 'renaissance' in small tech stocks: Hot take from Opening Bid"
        }
    ],
    "NVDA": [
        {
            "currentPrice": 118.74,
            "currentVolume": 244972880,
            "Gap": -0.8466602668561292,
            "floatShares": 23413264000,
            "relativeVolume": 0.7868366730378585,
            "relativeVolumePercent": 22.08701994550228,
            "changeFromClose": 0.8594300247455446,
            "shortInterest": 241358114,
            "News": "There could be a 'renaissance' in small tech stocks: Hot take from Opening Bid"
        }
    ],
    "QBTS": [
        {
            "currentPrice": 8.4401,
            "currentVolume": 174973429,
            "Gap": -2.830190376778715,
            "floatShares": 281716348,
            "relativeVolume": 1.6296513143550404,
            "relativeVolumePercent": 62.41772005657628,
            "changeFromClose": -18.01887483348937,
            "shortInterest": 54448997,
            "News": "There could be a 'renaissance' in small tech stocks: Hot take from Opening Bid"
        }
    ],
    "ANTE": [
        {
            "currentPrice": 0.4775,
            "currentVolume": 2132863,
            "Gap": -3.7037110623015317,
            "floatShares": 6559425,
            "relativeVolume": 0.15907272469626568,
            "relativeVolumePercent": 162.60893584697192,
            "changeFromClose": -9.870374252030725,
            "shortInterest": 33075,
            "News": "No News"
        }
    ],
    "ADTX": [
        {
            "currentPrice": 10.38,
            "currentVolume": 17078517,
            "Gap": 16.45065419872957,
            "floatShares": 56935,
            "relativeVolume": 1.1962429638100458,
            "relativeVolumePercent": 35.32754990150699,
            "changeFromClose": 6.580257876204324,
            "shortInterest": 39180,
            "News": "Aditxt subsidiary Persanta engages Dominary Securities for IPO"
        }
    ],
    "XHLD": [
        {
            "currentPrice": 0.9999,
            "currentVolume": 14969256,
            "Gap": -1.8867981112750467,
            "floatShares": 1505250,
            "relativeVolume": 0.6490537306184745,
            "relativeVolumePercent": 61.99035244013732,
            "changeFromClose": -37.27044246213812,
            "shortInterest": 62231,
            "News": "No News"
        }
    ]
}