{
    "AAPL": [
        {
            "currentPrice": 215.74000549316406,
            "currentVolume": 13899814,
            "Gap": -0.5807470582134414,
            "floatShares": 14998187904,
            "relativeVolume": 0.2444008770163152,
            "relativeVolumePercent": 75.73611363106193,
            "changeFromClose": 0.23926750441603836,
            "shortInterest": 134441154,
            "News": "Apple TV+ streaming reportedly racks up $1B in losses each year"
        }
    ],
    "MSFT": [
        {
            "currentPrice": 387.8399963378906,
            "currentVolume": 4974661,
            "Gap": -0.5376262011446885,
            "floatShares": 7423649000,
            "relativeVolume": 0.2122613497157638,
            "relativeVolumePercent": 357.57098002538584,
            "changeFromClose": 0.005154198673191226,
            "shortInterest": 66334396,
            "News": "The secret to Nvidia\u2019s research success: Failing often and quickly"
        }
    ],
    "GOOG": [
        {
            "currentPrice": 165.35000610351562,
            "currentVolume": 7476034,
            "Gap": -1.4764264187379548,
            "floatShares": 10917973500,
            "relativeVolume": 0.35725544430113526,
            "relativeVolumePercent": 153.9543662855686,
            "changeFromClose": -0.5592931697188833,
            "shortInterest": 38855537,
            "News": "The secret to Nvidia\u2019s research success: Failing often and quickly"
        }
    ],
    "NVDA": [
        {
            "currentPrice": 119.59500122070312,
            "currentVolume": 111927468,
            "Gap": -0.8466602668561292,
            "floatShares": 23413264000,
            "relativeVolume": 0.3596795492255415,
            "relativeVolumePercent": 330.917905370894,
            "changeFromClose": 1.7571498471686553,
            "shortInterest": 241358114,
            "News": "CoreWeave now looks to raise $2.7B in IPO, down from $4B"
        }
    ],
    "QBTS": [
        {
            "currentPrice": 10.039999961853027,
            "currentVolume": 76824586,
            "Gap": -2.830190376778715,
            "floatShares": 281716348,
            "relativeVolume": 0.7157574978302099,
            "relativeVolumePercent": 279.6741275237633,
            "changeFromClose": -5.283022636448748,
            "shortInterest": 54448997,
            "News": "Quantum Computing Stocks Fall Ahead Of Nvidia Event"
        }
    ],
    "ANTE": [
        {
            "currentPrice": 0.5256999731063843,
            "currentVolume": 562503,
            "Gap": -3.7037110623015317,
            "floatShares": 6559425,
            "relativeVolume": 0.041968189401242105,
            "relativeVolumePercent": 3531.338289962825,
            "changeFromClose": -2.6481569968620366,
            "shortInterest": 33075,
            "News": "No News"
        }
    ],
    "ADTX": [
        {
            "currentPrice": 10.637700080871582,
            "currentVolume": 14662936,
            "Gap": 16.45065419872957,
            "floatShares": 56935,
            "relativeVolume": 1.0276693127801002,
            "relativeVolumePercent": 1394.1224361985282,
            "changeFromClose": 6.058827159314103,
            "shortInterest": 39180,
            "News": "Aditxt subsidiary Persanta engages Dominary Securities for IPO"
        }
    ],
    "XHLD": [
        {
            "currentPrice": 1.090000033378601,
            "currentVolume": 11698670,
            "Gap": -1.8867981112750467,
            "floatShares": 1505250,
            "relativeVolume": 0.5128067217755474,
            "relativeVolumePercent": 219.61055964922966,
            "changeFromClose": -31.446540220351242,
            "shortInterest": 62231,
            "News": "No News"
        }
    ]
}