{
    "AAPL": [
        {
            "Open": 220.13999938964844,
            "High": 221.75,
            "Low": 214.91000366210938,
            "Close": 216.97999572753906,
            "Volume": 62466400,
            "Dividends": 0.0,
            "Stock Splits": 0.0
        }
    ],
    "MSFT": [
        {
            "Open": 382.95001220703125,
            "High": 385.2200012207031,
            "Low": 378.95001220703125,
            "Close": 383.2699890136719,
            "Volume": 24213900,
            "Dividends": 0.0,
            "Stock Splits": 0.0
        }
    ],
    "GOOG": [
        {
            "Open": 168.47000122070312,
            "High": 169.52999877929688,
            "Low": 165.47999572753906,
            "Close": 169.0,
            "Volume": 19847600,
            "Dividends": 0.0,
            "Stock Splits": 0.0
        }
    ]
}