{
    "AAPL": [
        {
            "Open": 211.25,
            "High": 213.94000244140625,
            "Low": 209.5800018310547,
            "Close": 212.4945068359375,
            "Volume": 26513118,
            "Dividends": 0.0,
            "Stock Splits": 0.0
        }
    ],
    "MSFT": [
        {
            "Open": 379.9200134277344,
            "High": 387.3999938964844,
            "Low": 379.510009765625,
            "Close": 386.510009765625,
            "Volume": 7226678,
            "Dividends": 0.0,
            "Stock Splits": 0.0
        }
    ],
    "GOOG": [
        {
            "Open": 165.31500244140625,
            "High": 167.2899932861328,
            "Low": 164.50999450683594,
            "Close": 166.72999572753906,
            "Volume": 7771850,
            "Dividends": 0.0,
            "Stock Splits": 0.0
        }
    ],
    "NVDA": [
        {
            "Open": 118.62000274658203,
            "High": 121.87999725341797,
            "Low": 118.1500015258789,
            "Close": 120.8499984741211,
            "Volume": 145814524,
            "Dividends": 0.0,
            "Stock Splits": 0.0
        }
    ]
}