{
    "AAPL": [
        {
            "currentPrice": 212.42999267578125,
            "currentVolume": 30551208,
            "Gap": 0.06542027553665304,
            "floatShares": 14998187904,
            "relativeVolume": 0.5333909766678055,
            "relativeVolumePercent": 97.50091545255071,
            "changeFromClose": -0.7336482823452103,
            "shortInterest": 134441154,
            "News": "The 'Magnificent 7' stocks are having their worst quarter in more than 2 years"
        }
    ],
    "MSFT": [
        {
            "currentPrice": 382.44000244140625,
            "currentVolume": 11109804,
            "Gap": -0.3653237414816547,
            "floatShares": 7423649000,
            "relativeVolume": 0.44709493832113895,
            "relativeVolumePercent": 108.69397043802198,
            "changeFromClose": -1.610498988688162,
            "shortInterest": 66334396,
            "News": "The 'Magnificent 7' stocks are having their worst quarter in more than 2 years"
        }
    ],
    "GOOG": [
        {
            "currentPrice": 162.02859497070312,
            "currentVolume": 19280756,
            "Gap": -0.3662127535146421,
            "floatShares": 10917973500,
            "relativeVolume": 0.9213330899478283,
            "relativeVolumePercent": 79.89190611568883,
            "changeFromClose": -2.726428620895737,
            "shortInterest": 38855537,
            "News": "The 'Magnificent 7' stocks are having their worst quarter in more than 2 years"
        }
    ],
    "NVDA": [
        {
            "currentPrice": 115.00499725341797,
            "currentVolume": 253886650,
            "Gap": -1.238179321219406,
            "floatShares": 23413264000,
            "relativeVolume": 0.78775579063437,
            "relativeVolumePercent": 83.95208943093424,
            "changeFromClose": -3.7940233238756838,
            "shortInterest": 241358114,
            "News": "Nvidia stock sinks as CEO Jensen Huang keynotes GTC 2025 event, unveils new chip lineup"
        }
    ],
    "QBTS": [
        {
            "currentPrice": 10.889900207519531,
            "currentVolume": 148196931,
            "Gap": -9.83900135459282,
            "floatShares": 241472404,
            "relativeVolume": 1.6270982559142362,
            "relativeVolumePercent": 143.46103721478664,
            "changeFromClose": -2.594812967240691,
            "shortInterest": 54448997,
            "News": "Quantum computing, Affirm, Netflix upgrade: Market Minute"
        }
    ],
    "ANTE": [
        {
            "currentPrice": 0.6646000146865845,
            "currentVolume": 15712336,
            "Gap": -27.950313272384562,
            "floatShares": 6559425,
            "relativeVolume": 1.3716466653688448,
            "relativeVolumePercent": 164.3543016064698,
            "changeFromClose": -58.720496348974905,
            "shortInterest": 33075,
            "News": "No News"
        }
    ],
    "ADTX": [
        {
            "currentPrice": 7.320000171661377,
            "currentVolume": 89765456,
            "Gap": 1.9999980926513672,
            "floatShares": 56937,
            "relativeVolume": 204.9826303692802,
            "relativeVolumePercent": 95.15350595861045,
            "changeFromClose": -12.60000228881836,
            "shortInterest": 39180,
            "News": "Aditxt subsidiary Persanta engages Dominary Securities for IPO"
        }
    ]
}