{
    "AAPL": [
        {
            "currentPrice": 212.93,
            "currentVolume": 41207689,
            "Gap": 0.06542027553665304,
            "floatShares": 14998187904,
            "relativeVolume": 0.7194392528585828,
            "relativeVolumePercent": 96.46440979401818,
            "changeFromClose": -0.6121483918662383,
            "shortInterest": 134441154,
            "News": "Stalling rally, Magnificent 7 vs. ARKK, gold: Market Takeaways"
        }
    ],
    "MSFT": [
        {
            "currentPrice": 383.98,
            "currentVolume": 17266696,
            "Gap": -0.3653237414816547,
            "floatShares": 7423649000,
            "relativeVolume": 0.6948684588071811,
            "relativeVolumePercent": 81.46916357663846,
            "changeFromClose": -1.3326532108777929,
            "shortInterest": 66334396,
            "News": "Stalling rally, Magnificent 7 vs. ARKK, gold: Market Takeaways"
        }
    ],
    "GOOG": [
        {
            "currentPrice": 162.89,
            "currentVolume": 24573811,
            "Gap": -0.3662127535146421,
            "floatShares": 10917973500,
            "relativeVolume": 1.1742623173294622,
            "relativeVolumePercent": 233.12875234988465,
            "changeFromClose": -2.3413633810331165,
            "shortInterest": 38855537,
            "News": "Stalling rally, Magnificent 7 vs. ARKK, gold: Market Takeaways"
        }
    ],
    "NVDA": [
        {
            "currentPrice": 114.79,
            "currentVolume": 295197830,
            "Gap": -1.238179321219406,
            "floatShares": 23413264000,
            "relativeVolume": 0.9159734059191742,
            "relativeVolumePercent": 97.06514230679879,
            "changeFromClose": -3.4300999882811274,
            "shortInterest": 241358114,
            "News": "Nvidia GTC: What could lift the chip stock back up in 2025?"
        }
    ],
    "QBTS": [
        {
            "currentPrice": 10.75,
            "currentVolume": 151512801,
            "Gap": -9.83900135459282,
            "floatShares": 241472404,
            "relativeVolume": 1.663516876023347,
            "relativeVolumePercent": 130.99075702929562,
            "changeFromClose": -3.398927585583311,
            "shortInterest": 54448997,
            "News": "Quantum computing, Affirm, Netflix upgrade: Market Minute"
        }
    ],
    "ANTE": [
        {
            "currentPrice": 0.64,
            "currentVolume": 17091121,
            "Gap": -27.950313272384562,
            "floatShares": 6559425,
            "relativeVolume": 1.4920110623312433,
            "relativeVolumePercent": 86.61402170246389,
            "changeFromClose": -60.857141439747586,
            "shortInterest": 33075,
            "News": "No News"
        }
    ],
    "ADTX": [
        {
            "currentPrice": 7.98,
            "currentVolume": 90457253,
            "Gap": 32.51716341024342,
            "floatShares": 56937,
            "relativeVolume": 206.5613725810337,
            "relativeVolumePercent": 72.02886058870057,
            "changeFromClose": 71.62471845329299,
            "shortInterest": 39180,
            "News": "Aditxt subsidiary Persanta engages Dominary Securities for IPO"
        }
    ]
}