{
    "AAPL": [
        {
            "currentPrice": 211.0399932861328,
            "currentVolume": -1,
            "Gap": -0.060895067435211975,
            "floatShares": 14998187904,
            "relativeVolume": 0.31786856529197155,
            "relativeVolumePercent": 100.0,
            "changeFromClose": -1.147600423435138,
            "shortInterest": 134441154,
            "News": "Are Nvidia and Tesla deeply oversold screaming buys?"
        }
    ],
    "MSFT": [
        {
            "currentPrice": 386.7749938964844,
            "currentVolume": -1,
            "Gap": -0.46067751599981593,
            "floatShares": 7423649000,
            "relativeVolume": 0.2400162089264759,
            "relativeVolumePercent": 100.0,
            "changeFromClose": -0.4593894567955883,
            "shortInterest": 66334396,
            "News": "Nvidia GTC 2025: What to expect from Nvidia's biggest event of the year"
        }
    ],
    "GOOG": [
        {
            "currentPrice": 166.35000610351562,
            "currentVolume": -1,
            "Gap": -0.17599223096210664,
            "floatShares": 10917973500,
            "relativeVolume": 0.2656438470057517,
            "relativeVolumePercent": 100.0,
            "changeFromClose": -0.7576596173887207,
            "shortInterest": 38855537,
            "News": "Nvidia GTC 2025: What to expect from Nvidia's biggest event of the year"
        }
    ],
    "NVDA": [
        {
            "currentPrice": 119.23979949951172,
            "currentVolume": -1,
            "Gap": 0.8777848356453946,
            "floatShares": 23413264000,
            "relativeVolume": 0.3642190397821782,
            "relativeVolumePercent": 100.0,
            "changeFromClose": -1.9973688715431166,
            "shortInterest": 241358114,
            "News": "Nvidia stock slides ahead of GTC as investors look to new Blackwell Ultra"
        }
    ],
    "QBTS": [
        {
            "currentPrice": 10.954999923706055,
            "currentVolume": -1,
            "Gap": 7.487687265468927,
            "floatShares": 241472404,
            "relativeVolume": 1.730207911984469,
            "relativeVolumePercent": 100.0,
            "changeFromClose": 7.931037787490536,
            "shortInterest": 54448997,
            "News": "Quantum computing, Affirm, Netflix upgrade: Market Minute"
        }
    ],
    "RDUS": [
        {
            "currentPrice": 28.739999771118164,
            "currentVolume": -1,
            "Gap": 1.330459713552031,
            "floatShares": 26193798,
            "relativeVolume": 1.1845120884181441,
            "relativeVolumePercent": 100.0,
            "changeFromClose": 3.3441219814286924,
            "shortInterest": 601722,
            "News": "The past three years for Radius Recycling (NASDAQ:RDUS) investors has not been profitable"
        }
    ],
    "NAOV": [
        {
            "currentPrice": 3.020699977874756,
            "currentVolume": -1,
            "Gap": 74.97732267618899,
            "floatShares": 336518,
            "relativeVolume": 402.0658666946133,
            "relativeVolumePercent": 100.0,
            "changeFromClose": 36.9310904407231,
            "shortInterest": 24325,
            "News": "Transforming catheter care: NanoVibronix completes successful UroShield US trial"
        }
    ]
}