{
    "AAPL": [
        {
            "currentPrice": 215.7100067138672,
            "currentVolume": 33102499.0,
            "Gap": 0.719356228188663,
            "floatShares": 14998187904,
            "relativeVolume": 0.5896747200770688,
            "relativeVolumePercent": 548.3797029000535,
            "changeFromClose": 1.4199088992407696,
            "shortInterest": 134441154,
            "News": "EU regulators target Apple, Google in latest Big Tech crackdown"
        }
    ],
    "MSFT": [
        {
            "currentPrice": 387.92999267578125,
            "currentVolume": 10279388.0,
            "Gap": 0.5227901909282295,
            "floatShares": 7423649000,
            "relativeVolume": 0.4307853877948886,
            "relativeVolumePercent": 712.8890286073563,
            "changeFromClose": 1.14987583136173,
            "shortInterest": 66334396,
            "News": "Nvidia's GTC fallout reminds 'Magnificent 7' investors of an important lesson"
        }
    ],
    "GOOG": [
        {
            "currentPrice": 167.34500122070312,
            "currentVolume": 13149812.0,
            "Gap": -0.3662127535146421,
            "floatShares": 10917973500,
            "relativeVolume": 1.1748877766638535,
            "relativeVolumePercent": 958.9650993698499,
            "changeFromClose": -2.3413633810331165,
            "shortInterest": 38855537,
            "News": "Google search, Play Store falling foul of Digital Markets Act rules, says EU"
        }
    ],
    "NVDA": [
        {
            "currentPrice": 118.77999877929688,
            "currentVolume": 207686993.00000003,
            "Gap": 1.6243610803455284,
            "floatShares": 23413264000,
            "relativeVolume": 0.6650243336660052,
            "relativeVolumePercent": 437.1106975917082,
            "changeFromClose": 2.9108555847425595,
            "shortInterest": 241358114,
            "News": "Stock market today: Nasdaq leads broad rally as markets cheer Fed interest rate decision"
        }
    ],
    "QBTS": [
        {
            "currentPrice": 10.545000076293945,
            "currentVolume": 80195107.0,
            "Gap": 1.2962906219996235,
            "floatShares": 281716348,
            "relativeVolume": 0.7893683024484803,
            "relativeVolumePercent": 449.738348243455,
            "changeFromClose": -2.3611121290505,
            "shortInterest": 54448997,
            "News": "Quantum Computing Stocks Fall Ahead Of Nvidia Event"
        }
    ],
    "ANTE": [
        {
            "currentPrice": 0.5600000023841858,
            "currentVolume": 2051657.0,
            "Gap": -1.96824945698276,
            "floatShares": 6559425,
            "relativeVolume": 0.1556859141398888,
            "relativeVolumePercent": 322.7371705963938,
            "changeFromClose": -11.111110059882801,
            "shortInterest": 33075,
            "News": "No News"
        }
    ]
}