{
    "AAPL": [
        {
            "currentPrice": 213.13,
            "currentVolume": 48042800.0,
            "Gap": -0.08431679701093846,
            "floatShares": 14998187904,
            "relativeVolume": 0.8400769594343764,
            "changeFromClose": 0.23888448813228752,
            "shortInterest": 134441154,
            "News": "German Court Deals Blow to Apple, Upholds Antitrust Ruling"
        }
    ],
    "MSFT": [
        {
            "currentPrice": 386.5,
            "currentVolume": 22463400.0,
            "Gap": -0.47868678280038834,
            "floatShares": 7423649000,
            "relativeVolume": 0.9020645155590609,
            "changeFromClose": 0.03603424164022088,
            "shortInterest": 66334396,
            "News": "Elon Musk and Sam Altman finally agree on something: When their courtroom showdown should start"
        }
    ],
    "GOOG": [
        {
            "currentPrice": 166.2,
            "currentVolume": 17820100.0,
            "Gap": -0.17599223096210664,
            "floatShares": 10917973500,
            "relativeVolume": 0.8267150878368253,
            "changeFromClose": -0.6264096310435256,
            "shortInterest": 38855537,
            "News": "People are using Google's new AI model to remove watermarks from images"
        }
    ],
    "NVDA": [
        {
            "currentPrice": 118.1899,
            "currentVolume": 254773000.0,
            "Gap": 0.8794277232900642,
            "floatShares": 23413264000,
            "relativeVolume": 0.7540658460408473,
            "changeFromClose": -1.7588554465801285,
            "shortInterest": 241358114,
            "News": "US stocks, Fed meeting, Nvidia CEO keynote at GTC: 3 Things"
        }
    ],
    "QBTS": [
        {
            "currentPrice": 9.92,
            "currentVolume": 208953700.0,
            "Gap": 7.487687265468927,
            "floatShares": 241472404,
            "relativeVolume": 2.7838308057698553,
            "changeFromClose": 10.147790397598582,
            "shortInterest": 54448997,
            "News": "Quantum computing, Affirm, Netflix upgrade: Market Minute"
        }
    ]
}