{
    "AAPL": [
        {
            "currentPrice": 215.7899932861328,
            "currentVolume": 13958529,
            "Gap": -0.5807470582134414,
            "floatShares": 14998187904,
            "relativeVolume": 0.24552441125486682,
            "relativeVolumePercent": 59.512359052824806,
            "changeFromClose": 0.2555230342559239,
            "shortInterest": 134441154,
            "News": "Apple TV+ streaming reportedly racks up $1B in losses each year"
        }
    ],
    "MSFT": [
        {
            "currentPrice": 387.864990234375,
            "currentVolume": 5000001,
            "Gap": -0.5376262011446885,
            "floatShares": 7423649000,
            "relativeVolume": 0.21334256964246784,
            "relativeVolumePercent": 164.55751464190737,
            "changeFromClose": 0.011598914266082241,
            "shortInterest": 66334396,
            "News": "The secret to Nvidia\u2019s research success: Failing often and quickly"
        }
    ],
    "GOOG": [
        {
            "currentPrice": 165.3000030517578,
            "currentVolume": 7550886,
            "Gap": -1.4764264187379548,
            "floatShares": 10917973500,
            "relativeVolume": 0.3608292264029311,
            "relativeVolumePercent": 76.21640907149236,
            "changeFromClose": -0.6074058902156364,
            "shortInterest": 38855537,
            "News": "The secret to Nvidia\u2019s research success: Failing often and quickly"
        }
    ],
    "NVDA": [
        {
            "currentPrice": 119.40499877929688,
            "currentVolume": 112564782,
            "Gap": -0.8466602668561292,
            "floatShares": 23413264000,
            "relativeVolume": 0.36174234447336695,
            "relativeVolumePercent": 185.68424043817146,
            "changeFromClose": 1.6039841644614976,
            "shortInterest": 241358114,
            "News": "CoreWeave now looks to raise $2.7B in IPO, down from $4B"
        }
    ],
    "QBTS": [
        {
            "currentPrice": 10.023900032043457,
            "currentVolume": 77017753,
            "Gap": -2.830190376778715,
            "floatShares": 281716348,
            "relativeVolume": 0.7176053903036588,
            "relativeVolumePercent": 158.1934159338529,
            "changeFromClose": -5.434908761261679,
            "shortInterest": 54448997,
            "News": "Quantum Computing Stocks Fall Ahead Of Nvidia Event"
        }
    ],
    "ANTE": [
        {
            "currentPrice": 0.5256999731063843,
            "currentVolume": 562503,
            "Gap": -3.7037110623015317,
            "floatShares": 6559425,
            "relativeVolume": 0.041968189401242105,
            "relativeVolumePercent": 3531.338289962825,
            "changeFromClose": -2.6481569968620366,
            "shortInterest": 33075,
            "News": "No News"
        }
    ],
    "ADTX": [
        {
            "currentPrice": 10.750200271606445,
            "currentVolume": 14685317,
            "Gap": 16.45065419872957,
            "floatShares": 56935,
            "relativeVolume": 1.0292379117898303,
            "relativeVolumePercent": 278.53666166166164,
            "changeFromClose": 7.180464185535014,
            "shortInterest": 39180,
            "News": "Aditxt subsidiary Persanta engages Dominary Securities for IPO"
        }
    ],
    "XHLD": [
        {
            "currentPrice": 1.0801000595092773,
            "currentVolume": 11756240,
            "Gap": -1.8867981112750467,
            "floatShares": 1505250,
            "relativeVolume": 0.5153302806905881,
            "relativeVolumePercent": 111.01627736945396,
            "changeFromClose": -32.069180073275476,
            "shortInterest": 62231,
            "News": "No News"
        }
    ]
}