{
    "AAPL": [
        {
            "currentPrice": 217.22,
            "currentVolume": 39525987,
            "Gap": -0.00973869946450752,
            "floatShares": 14998187904,
            "relativeVolume": 0.7982201805300495,
            "relativeVolumePercent": 0.15135048892048925,
            "changeFromClose": -0.02658035311502189,
            "shortInterest": 129678474,
            "News": "Why Mag 7 is a 'boy band' that needs to 'breakup'"
        }
    ],
    "MSFT": [
        {
            "currentPrice": 377.74,
            "currentVolume": 21502861,
            "Gap": -0.006400737584995146,
            "floatShares": 7423574660,
            "relativeVolume": 1.0495612239595853,
            "relativeVolumePercent": 0.17811125982398646,
            "changeFromClose": -0.03016027237513698,
            "shortInterest": 64256703,
            "News": "CoreWeave stock seesaws, ends flat after IPO in AI trade test"
        }
    ],
    "GOOG": [
        {
            "currentPrice": 155.874,
            "currentVolume": 34786595,
            "Gap": -0.01048269869276408,
            "floatShares": 10917851600,
            "relativeVolume": 1.637988655483332,
            "relativeVolumePercent": 0.4176675859664192,
            "changeFromClose": -0.04887862130035049,
            "shortInterest": 44488045,
            "News": "Alphabet, Wolfspeed, Nikola: Market Minute"
        }
    ],
    "NVDA": [
        {
            "currentPrice": 109.01,
            "currentVolume": 227835915,
            "Gap": 0.000538432723947172,
            "floatShares": 23412532000,
            "relativeVolume": 0.8984636716335594,
            "relativeVolumePercent": 0.37244146895250946,
            "changeFromClose": -0.015794688426907587,
            "shortInterest": 258072746,
            "News": "CoreWeave stock seesaws, ends flat after IPO in AI trade test"
        }
    ],
    "QBTS": [
        {
            "currentPrice": 7.5197,
            "currentVolume": 34671815,
            "Gap": -0.013027356134509721,
            "floatShares": 281716348,
            "relativeVolume": 0.27810542734474103,
            "relativeVolumePercent": 0.27712344109583514,
            "changeFromClose": -0.05955340830285855,
            "shortInterest": 50063142,
            "News": "Quantum Computing Stocks Fall. Here's A Look At Upcoming News Events."
        }
    ],
    "ANTE": [
        {
            "currentPrice": 0.3661,
            "currentVolume": 234727,
            "Gap": 0.024999975785613422,
            "floatShares": 6559425,
            "relativeVolume": 0.01778798363731744,
            "relativeVolumePercent": 21.29765100671141,
            "changeFromClose": -0.02500005029141828,
            "shortInterest": 26616,
            "News": "No News"
        }
    ],
    "ADTX": [
        {
            "currentPrice": 4.93,
            "currentVolume": 311129,
            "Gap": -0.044606666191247514,
            "floatShares": 56935,
            "relativeVolume": 0.01945399187571418,
            "relativeVolumePercent": 0.25036587441148106,
            "changeFromClose": -0.18896998687131553,
            "shortInterest": 29345,
            "News": "Aditxt subsidiary Persanta engages Dominary Securities for IPO"
        }
    ],
    "XHLD": [
        {
            "currentPrice": 1.2,
            "currentVolume": 2384259,
            "Gap": -0.08823528953443707,
            "floatShares": 1505250,
            "relativeVolume": 0.057240957297293824,
            "relativeVolumePercent": 0.23810444874274664,
            "changeFromClose": -0.18300652067034578,
            "shortInterest": 239807,
            "News": "No News"
        }
    ]
}