{
    "AAPL": [
        {
            "currentPrice": 219.81500244140625,
            "currentVolume": 8759098,
            "Gap": -0.0006319658304513166,
            "floatShares": 14998187904,
            "relativeVolume": 0.1757567548911962,
            "relativeVolumePercent": 0.8256987517421194,
            "changeFromClose": 0.010472655337889917,
            "shortInterest": 129678474,
            "News": "Trump is set on tariffing chips. It\u2019s not so simple."
        }
    ],
    "MSFT": [
        {
            "currentPrice": 384.30999755859375,
            "currentVolume": 2916789,
            "Gap": -0.006400737584995146,
            "floatShares": 7423574660,
            "relativeVolume": 0.1416567793873173,
            "relativeVolumePercent": 1.6955518096404567,
            "changeFromClose": -0.0158994102836069,
            "shortInterest": 64256703,
            "News": "Magnificent Seven Stocks: Amazon, Meta, Nvidia, Tesla Sell Off"
        }
    ],
    "GOOG": [
        {
            "currentPrice": 159.92999267578125,
            "currentVolume": 6143905,
            "Gap": -0.0025726497388504892,
            "floatShares": 10917851600,
            "relativeVolume": 0.28902435410050153,
            "relativeVolumePercent": 1.1284705639035462,
            "changeFromClose": -0.018307990724949506,
            "shortInterest": 44488045,
            "News": "Reddit\u2019s 50% Plunge Fails to Entice Dip Buyers as Growth Slows"
        }
    ],
    "NVDA": [
        {
            "currentPrice": 109.38870239257812,
            "currentVolume": 66266579,
            "Gap": 0.0004935861529673401,
            "floatShares": 23412532000,
            "relativeVolume": 0.25980570652765317,
            "relativeVolumePercent": 1.7805230318386578,
            "changeFromClose": -0.018234752696494223,
            "shortInterest": 258072746,
            "News": "Trump is set on tariffing chips. It\u2019s not so simple."
        }
    ],
    "QBTS": [
        {
            "currentPrice": 7.320000171661377,
            "currentVolume": 12928352,
            "Gap": -0.013027356134509721,
            "floatShares": 281716348,
            "relativeVolume": 0.1019485672206994,
            "relativeVolumePercent": 0.7561583054922844,
            "changeFromClose": -0.09181144037589438,
            "shortInterest": 50063142,
            "News": "Quantum Computing Stocks Fall. Here's A Look At Upcoming News Events."
        }
    ],
    "ANTE": [
        {
            "currentPrice": 0.385699987411499,
            "currentVolume": 82192,
            "Gap": 0.012499987892806711,
            "floatShares": 6559425,
            "relativeVolume": 0.00581101202049182,
            "relativeVolumePercent": 0.402967563837129,
            "changeFromClose": -0.03575004583969644,
            "shortInterest": 26616,
            "News": "No News"
        }
    ],
    "ADTX": [
        {
            "currentPrice": 4.885000228881836,
            "currentVolume": 149112,
            "Gap": -0.044606666191247514,
            "floatShares": 56935,
            "relativeVolume": 0.00928279166450231,
            "relativeVolumePercent": 1.2613248874914547,
            "changeFromClose": -0.2076236400472676,
            "shortInterest": 29345,
            "News": "Aditxt subsidiary Persanta engages Dominary Securities for IPO"
        }
    ],
    "XHLD": [
        {
            "currentPrice": 1.1754000186920166,
            "currentVolume": 818656,
            "Gap": -0.08823528953443707,
            "floatShares": 1505250,
            "relativeVolume": 0.019486988813957693,
            "relativeVolumePercent": 1.0698854189924334,
            "changeFromClose": -0.23176467929973502,
            "shortInterest": 239807,
            "News": "No News"
        }
    ]
}