{
    "AAPL": [
        {
            "currentPrice": 217.8,
            "currentVolume": 93387509,
            "Gap": -0.011863654705800435,
            "floatShares": 14998187904,
            "relativeVolume": 1.6418157700079175,
            "relativeVolumePercent": 0.1261159594865853,
            "changeFromClose": 0.019476870855058042,
            "shortInterest": 134441154,
            "News": "A Trump plan for TikTok is coming together \u2014 and Oracle may play a starring role"
        }
    ],
    "MSFT": [
        {
            "currentPrice": 391.51,
            "currentVolume": 38759185,
            "Gap": -0.0093578615227407,
            "floatShares": 7423649000,
            "relativeVolume": 1.7238652848386633,
            "relativeVolumePercent": 0.07657129735199955,
            "changeFromClose": 0.011425947341478244,
            "shortInterest": 66334396,
            "News": "A Trump plan for TikTok is coming together \u2014 and Oracle may play a starring role"
        }
    ],
    "GOOG": [
        {
            "currentPrice": 166.5,
            "currentVolume": 29408884,
            "Gap": -0.010118134735336055,
            "floatShares": 10917973500,
            "relativeVolume": 1.4201474528790232,
            "relativeVolumePercent": 0.18295754527162975,
            "changeFromClose": 0.007270505459281222,
            "shortInterest": 38855537,
            "News": "A Trump plan for TikTok is coming together \u2014 and Oracle may play a starring role"
        }
    ],
    "NVDA": [
        {
            "currentPrice": 117.64,
            "currentVolume": 263619579,
            "Gap": -0.013414294729313225,
            "floatShares": 23413020000,
            "relativeVolume": 0.8745506878081393,
            "relativeVolumePercent": 0.19512677652828525,
            "changeFromClose": -0.007002462158125495,
            "shortInterest": 241358114,
            "News": "Jim Cramer on NVIDIA (NVDA): \u2018Nothing\u2019s More Powerful Than Multiple Compression\u2019"
        }
    ],
    "QBTS": [
        {
            "currentPrice": 8.45,
            "currentVolume": 96853478,
            "Gap": -0.04948209116973264,
            "floatShares": 281716348,
            "relativeVolume": 0.7992264628091371,
            "relativeVolumePercent": 0.1601682089255235,
            "changeFromClose": -0.03797467659848828,
            "shortInterest": 54448997,
            "News": "As Nvidia's GTC wraps up, what's next for AI, quantum computing?"
        }
    ],
    "ANTE": [
        {
            "currentPrice": 0.502,
            "currentVolume": 2133416,
            "Gap": 0.04081628681073312,
            "floatShares": 6559425,
            "relativeVolume": 0.15674779703021174,
            "relativeVolumePercent": 1.895229448662925,
            "changeFromClose": 0.04081628681073312,
            "shortInterest": 33075,
            "News": "No News"
        }
    ],
    "ADTX": [
        {
            "currentPrice": 9.63,
            "currentVolume": 976803,
            "Gap": -0.06828807959692672,
            "floatShares": 56935,
            "relativeVolume": 0.06254679881145032,
            "relativeVolumePercent": 0.30870436076456453,
            "changeFromClose": -0.09915804560811549,
            "shortInterest": 39180,
            "News": "Aditxt subsidiary Persanta engages Dominary Securities for IPO"
        }
    ],
    "XHLD": [
        {
            "currentPrice": 1.4398,
            "currentVolume": 58330034,
            "Gap": 0.13340021967032234,
            "floatShares": 1505250,
            "relativeVolume": 2.3902714761179515,
            "relativeVolumePercent": 0.49923409586937195,
            "changeFromClose": 0.40421264355034686,
            "shortInterest": 62231,
            "News": "No News"
        }
    ]
}