{
    "AAPL": [
        {
            "currentPrice": 219.77000427246094,
            "currentVolume": 9295803,
            "Gap": -0.0006319658304513166,
            "floatShares": 14998187904,
            "relativeVolume": 0.7088322648730513,
            "relativeVolumePercent": 1.1537992380141915,
            "changeFromClose": 0.010472655337889917,
            "shortInterest": 129678474,
            "News": "Trump is set on tariffing chips. It\u2019s not so simple."
        }
    ],
    "MSFT": [
        {
            "currentPrice": 384.3299865722656,
            "currentVolume": 3066108,
            "Gap": -0.006400737584995146,
            "floatShares": 7423574660,
            "relativeVolume": 0.1489004843512253,
            "relativeVolumePercent": 2.046250123291317,
            "changeFromClose": -0.016334616684344484,
            "shortInterest": 64256703,
            "News": "Magnificent Seven Stocks: Amazon, Meta, Nvidia, Tesla Sell Off"
        }
    ],
    "GOOG": [
        {
            "currentPrice": 159.7899932861328,
            "currentVolume": 6506805,
            "Gap": -0.010421786291957136,
            "floatShares": 10917851600,
            "relativeVolume": 0.30610477875540004,
            "relativeVolumePercent": 1.1590845272343535,
            "changeFromClose": -0.02619642417238414,
            "shortInterest": 44488045,
            "News": "Reddit\u2019s 50% Plunge Fails to Entice Dip Buyers as Growth Slows"
        }
    ],
    "NVDA": [
        {
            "currentPrice": 109.11009979248047,
            "currentVolume": 70148009,
            "Gap": -0.021184982567276456,
            "floatShares": 23412532000,
            "relativeVolume": 0.9041828147475021,
            "relativeVolumePercent": 1.2822891178523357,
            "changeFromClose": -0.02048173160426326,
            "shortInterest": 258072746,
            "News": "Trump is set on tariffing chips. It\u2019s not so simple."
        }
    ],
    "QBTS": [
        {
            "currentPrice": 7.300000190734863,
            "currentVolume": 13982753,
            "Gap": -0.013027356134509721,
            "floatShares": 281716348,
            "relativeVolume": 0.1103591912632309,
            "relativeVolumePercent": 1.2327732143599315,
            "changeFromClose": -0.0942928274584356,
            "shortInterest": 50063142,
            "News": "Quantum Computing Stocks Fall. Here's A Look At Upcoming News Events."
        }
    ],
    "ANTE": [
        {
            "currentPrice": 0.385699987411499,
            "currentVolume": 82467,
            "Gap": 0.012499987892806711,
            "floatShares": 6559425,
            "relativeVolume": 0.005830454646363382,
            "relativeVolumePercent": 0.402967563837129,
            "changeFromClose": -0.03575004583969644,
            "shortInterest": 26616,
            "News": "No News"
        }
    ],
    "ADTX": [
        {
            "currentPrice": 4.920000076293945,
            "currentVolume": 152226,
            "Gap": -0.044606666191247514,
            "floatShares": 56935,
            "relativeVolume": 0.009476650061165623,
            "relativeVolumePercent": 0.7664750407205135,
            "changeFromClose": -0.2019464547060386,
            "shortInterest": 29345,
            "News": "Aditxt subsidiary Persanta engages Dominary Securities for IPO"
        }
    ],
    "XHLD": [
        {
            "currentPrice": 1.0994000434875488,
            "currentVolume": 902163,
            "Gap": -0.08823528953443707,
            "floatShares": 1505250,
            "relativeVolume": 0.02147475898224225,
            "relativeVolumePercent": 0.513559821229148,
            "changeFromClose": -0.28143786663674747,
            "shortInterest": 239807,
            "News": "No News"
        }
    ]
}