{
    "AAPL": [
        {
            "currentPrice": 219.94000244140625,
            "currentVolume": 9198669,
            "Gap": -0.009832494832734092,
            "floatShares": 14998187904,
            "relativeVolume": 0.1845620918652361,
            "relativeVolumePercent": 1.5861557765183045,
            "changeFromClose": -0.017422421482847512,
            "shortInterest": 129678474,
            "News": "Trump is set on tariffing chips. It\u2019s not so simple."
        }
    ],
    "MSFT": [
        {
            "currentPrice": 384.4599914550781,
            "currentVolume": 3039304,
            "Gap": -0.006400737584995146,
            "floatShares": 7423574660,
            "relativeVolume": 0.1476073593412085,
            "relativeVolumePercent": 2.04008381431218,
            "changeFromClose": -0.015668993106627522,
            "shortInterest": 64256703,
            "News": "Magnificent Seven Stocks: Amazon, Meta, Nvidia, Tesla Sell Off"
        }
    ],
    "GOOG": [
        {
            "currentPrice": 160.02000427246094,
            "currentVolume": 6431638,
            "Gap": -0.0025726497388504892,
            "floatShares": 10917851600,
            "relativeVolume": 0.3025482210625405,
            "relativeVolumePercent": 1.6675946622759805,
            "changeFromClose": -0.018307990724949506,
            "shortInterest": 44488045,
            "News": "Reddit\u2019s 50% Plunge Fails to Entice Dip Buyers as Growth Slows"
        }
    ],
    "NVDA": [
        {
            "currentPrice": 109.37300109863281,
            "currentVolume": 69341547,
            "Gap": 0.0004935861529673401,
            "floatShares": 23412532000,
            "relativeVolume": 0.271893215919852,
            "relativeVolumePercent": 1.8978791247585922,
            "changeFromClose": -0.01794848779074357,
            "shortInterest": 258072746,
            "News": "Trump is set on tariffing chips. It\u2019s not so simple."
        }
    ],
    "QBTS": [
        {
            "currentPrice": 7.31820011138916,
            "currentVolume": 13766987,
            "Gap": -0.013027356134509721,
            "floatShares": 281716348,
            "relativeVolume": 0.10865703035406898,
            "relativeVolumePercent": 1.7871721846717457,
            "changeFromClose": -0.0920347729042446,
            "shortInterest": 50063142,
            "News": "Quantum Computing Stocks Fall. Here's A Look At Upcoming News Events."
        }
    ],
    "ANTE": [
        {
            "currentPrice": 0.385699987411499,
            "currentVolume": 82467,
            "Gap": 0.012499987892806711,
            "floatShares": 6559425,
            "relativeVolume": 0.005830454646363381,
            "relativeVolumePercent": 0.402967563837129,
            "changeFromClose": -0.03575004583969644,
            "shortInterest": 26616,
            "News": "No News"
        }
    ],
    "ADTX": [
        {
            "currentPrice": 4.920000076293945,
            "currentVolume": 150981,
            "Gap": -0.044606666191247514,
            "floatShares": 56935,
            "relativeVolume": 0.009399144054792526,
            "relativeVolumePercent": 0.766350483855514,
            "changeFromClose": -0.2019464547060386,
            "shortInterest": 29345,
            "News": "Aditxt subsidiary Persanta engages Dominary Securities for IPO"
        }
    ],
    "XHLD": [
        {
            "currentPrice": 1.117900013923645,
            "currentVolume": 875861,
            "Gap": -0.08823528953443707,
            "floatShares": 1505250,
            "relativeVolume": 0.020848675768065948,
            "relativeVolumePercent": 1.598113514990641,
            "changeFromClose": -0.26934638246548187,
            "shortInterest": 239807,
            "News": "No News"
        }
    ]
}