{
    "AAPL": [
        {
            "currentPrice": 220.06500244140625,
            "currentVolume": 9019474,
            "Gap": -0.009832494832734092,
            "floatShares": 14998187904,
            "relativeVolume": 0.1809443403707485,
            "relativeVolumePercent": 0.7841588567010173,
            "changeFromClose": -0.016908660079996,
            "shortInterest": 129678474,
            "News": "Trump is set on tariffing chips. It\u2019s not so simple."
        }
    ],
    "MSFT": [
        {
            "currentPrice": 384.5799865722656,
            "currentVolume": 3006299,
            "Gap": -0.006400737584995146,
            "floatShares": 7423574660,
            "relativeVolume": 0.14597665031764756,
            "relativeVolumePercent": 1.2976628472127942,
            "changeFromClose": -0.01536177020398835,
            "shortInterest": 64256703,
            "News": "Magnificent Seven Stocks: Amazon, Meta, Nvidia, Tesla Sell Off"
        }
    ],
    "GOOG": [
        {
            "currentPrice": 160.05999755859375,
            "currentVolume": 6325527,
            "Gap": -0.0025726497388504892,
            "floatShares": 10917851600,
            "relativeVolume": 1.0446048146957467,
            "relativeVolumePercent": 0.9957535531418361,
            "changeFromClose": -0.018307990724949506,
            "shortInterest": 44488045,
            "News": "Reddit\u2019s 50% Plunge Fails to Entice Dip Buyers as Growth Slows"
        }
    ],
    "NVDA": [
        {
            "currentPrice": 109.55999755859375,
            "currentVolume": 68305004,
            "Gap": -0.021184982567276456,
            "floatShares": 23412532000,
            "relativeVolume": 0.904182814747502,
            "relativeVolumePercent": 1.2129660943293543,
            "changeFromClose": -0.02048173160426326,
            "shortInterest": 258072746,
            "News": "Trump is set on tariffing chips. It\u2019s not so simple."
        }
    ],
    "QBTS": [
        {
            "currentPrice": 7.355000019073486,
            "currentVolume": 13553691,
            "Gap": -0.01692869837647047,
            "floatShares": 281716348,
            "relativeVolume": 0.10697357485676942,
            "relativeVolumePercent": 0.7597348554879847,
            "changeFromClose": -0.025392989906044057,
            "shortInterest": 50063142,
            "News": "Quantum Computing Stocks Fall. Here's A Look At Upcoming News Events."
        }
    ],
    "ANTE": [
        {
            "currentPrice": 0.385699987411499,
            "currentVolume": 82467,
            "Gap": 0.012499987892806711,
            "floatShares": 6559425,
            "relativeVolume": 0.005830454646363381,
            "relativeVolumePercent": 0.402967563837129,
            "changeFromClose": -0.03575004583969644,
            "shortInterest": 26616,
            "News": "No News"
        }
    ],
    "ADTX": [
        {
            "currentPrice": 4.894999980926514,
            "currentVolume": 150457,
            "Gap": -0.044606666191247514,
            "floatShares": 56935,
            "relativeVolume": 0.009366523052913406,
            "relativeVolumePercent": 0.7337769647099612,
            "changeFromClose": -0.2060016202408519,
            "shortInterest": 29345,
            "News": "Aditxt subsidiary Persanta engages Dominary Securities for IPO"
        }
    ],
    "XHLD": [
        {
            "currentPrice": 1.100000023841858,
            "currentVolume": 843940,
            "Gap": -0.08823528953443707,
            "floatShares": 1505250,
            "relativeVolume": 0.020086459563931684,
            "relativeVolumePercent": 1.214025619049825,
            "changeFromClose": -0.28104572260699034,
            "shortInterest": 239807,
            "News": "No News"
        }
    ]
}