{
    "AAPL": [
        {
            "currentPrice": 220.1199951171875,
            "currentVolume": 7709802,
            "Gap": -0.009832494832734092,
            "floatShares": 14998187904,
            "relativeVolume": 0.15459047268185874,
            "relativeVolumePercent": 2.757651356414779,
            "changeFromClose": -0.016662992560309536,
            "shortInterest": 129678474,
            "News": "Trump is set on tariffing chips. It\u2019s not so simple."
        }
    ],
    "MSFT": [
        {
            "currentPrice": 385.0874938964844,
            "currentVolume": 2668905,
            "Gap": -0.006400737584995146,
            "floatShares": 7423574660,
            "relativeVolume": 0.129094389966601,
            "relativeVolumePercent": 8.253467980389495,
            "changeFromClose": -0.014062401722073441,
            "shortInterest": 64256703,
            "News": "Nvidia-Backed CoreWeave Downsizes IPO Amid Heightened AI Worries"
        }
    ],
    "GOOG": [
        {
            "currentPrice": 160.42999267578125,
            "currentVolume": 5598309,
            "Gap": -0.010421786291957136,
            "floatShares": 10917851600,
            "relativeVolume": 0.2633656822126013,
            "relativeVolumePercent": 6.271808477585308,
            "changeFromClose": -0.02224530177072814,
            "shortInterest": 44488045,
            "News": "Reddit\u2019s 50% Plunge Fails to Entice Dip Buyers as Growth Slows"
        }
    ],
    "NVDA": [
        {
            "currentPrice": 109.71499633789062,
            "currentVolume": 60373199,
            "Gap": -0.021184982567276456,
            "floatShares": 23412532000,
            "relativeVolume": 0.2367344899657142,
            "relativeVolumePercent": 5.114044822918091,
            "changeFromClose": -0.02048173160426326,
            "shortInterest": 258072746,
            "News": "Trump is set on tariffing chips. It\u2019s not so simple."
        }
    ],
    "QBTS": [
        {
            "currentPrice": 7.408599853515625,
            "currentVolume": 11338464,
            "Gap": -0.01692869837647047,
            "floatShares": 281716348,
            "relativeVolume": 0.0894901157288836,
            "relativeVolumePercent": 3.42302382450647,
            "changeFromClose": -0.025392989906044057,
            "shortInterest": 50063142,
            "News": "Quantum Computing Stocks Fall. Here's A Look At Upcoming News Events."
        }
    ],
    "ANTE": [
        {
            "currentPrice": 0.4000000059604645,
            "currentVolume": 63100,
            "Gap": 0.012499987892806711,
            "floatShares": 6559425,
            "relativeVolume": 0.00446119888180156,
            "relativeVolumePercent": 0.8166606683452724,
            "changeFromClose": 0.0,
            "shortInterest": 26616,
            "News": "No News"
        }
    ],
    "ADTX": [
        {
            "currentPrice": 5.010700225830078,
            "currentVolume": 129732,
            "Gap": -0.044606666191247514,
            "floatShares": 56935,
            "relativeVolume": 0.008076312625537941,
            "relativeVolumePercent": 1.5173430834856794,
            "changeFromClose": -0.1872343460122259,
            "shortInterest": 29345,
            "News": "Aditxt subsidiary Persanta engages Dominary Securities for IPO"
        }
    ],
    "XHLD": [
        {
            "currentPrice": 1.190000057220459,
            "currentVolume": 768436,
            "Gap": -0.08823528953443707,
            "floatShares": 1505250,
            "relativeVolume": 0.018291570252025748,
            "relativeVolumePercent": 2.2173096770449265,
            "changeFromClose": -0.2222221702791757,
            "shortInterest": 239807,
            "News": "No News"
        }
    ]
}