{
    "AAPL": [
        {
            "currentPrice": 219.8699951171875,
            "currentVolume": 9867163,
            "Gap": -0.009832494832734092,
            "floatShares": 14998187904,
            "relativeVolume": 0.19797692373137107,
            "relativeVolumePercent": 2.31630353782313,
            "changeFromClose": -0.017779811828495716,
            "shortInterest": 129678474,
            "News": "Trump is set on tariffing chips. It\u2019s not so simple."
        }
    ],
    "MSFT": [
        {
            "currentPrice": 384.04998779296875,
            "currentVolume": 3272310,
            "Gap": -0.006400737584995146,
            "floatShares": 7423574660,
            "relativeVolume": 0.1589167394755719,
            "relativeVolumePercent": 1.9333800387490123,
            "changeFromClose": -0.016718723446647172,
            "shortInterest": 64256703,
            "News": "Nvidia-Backed CoreWeave Downsizes IPO Amid Heightened AI Worries"
        }
    ],
    "GOOG": [
        {
            "currentPrice": 159.92100524902344,
            "currentVolume": 6913925,
            "Gap": -0.010421786291957136,
            "floatShares": 10917851600,
            "relativeVolume": 0.3250348241667721,
            "relativeVolumePercent": 1.625349031130076,
            "changeFromClose": -0.02534737040235756,
            "shortInterest": 44488045,
            "News": "Reddit\u2019s 50% Plunge Fails to Entice Dip Buyers as Growth Slows"
        }
    ],
    "NVDA": [
        {
            "currentPrice": 109.85880279541016,
            "currentVolume": 74949281,
            "Gap": 0.0004935861529673401,
            "floatShares": 23412532000,
            "relativeVolume": 0.29384318795451997,
            "relativeVolumePercent": 1.4848936685300036,
            "changeFromClose": -0.014100309660437512,
            "shortInterest": 258072746,
            "News": "Trump is set on tariffing chips. It\u2019s not so simple."
        }
    ],
    "QBTS": [
        {
            "currentPrice": 7.324999809265137,
            "currentVolume": 15129477,
            "Gap": -0.013027356134509721,
            "floatShares": 281716348,
            "relativeVolume": 0.1194105901044425,
            "relativeVolumePercent": 1.5659862255350947,
            "changeFromClose": -0.09119113797596007,
            "shortInterest": 50063142,
            "News": "Quantum Computing Stocks Fall. Here's A Look At Upcoming News Events."
        }
    ],
    "ANTE": [
        {
            "currentPrice": 0.3855000138282776,
            "currentVolume": 83380,
            "Gap": 0.012499987892806711,
            "floatShares": 6559425,
            "relativeVolume": 0.005895004164256959,
            "relativeVolumePercent": 25.560755813953488,
            "changeFromClose": -0.03624997979030043,
            "shortInterest": 26616,
            "News": "No News"
        }
    ],
    "ADTX": [
        {
            "currentPrice": 4.934999942779541,
            "currentVolume": 157719,
            "Gap": -0.044606666191247514,
            "floatShares": 56935,
            "relativeVolume": 0.009818610296512953,
            "relativeVolumePercent": 2.440981610508295,
            "changeFromClose": -0.19951338632349036,
            "shortInterest": 29345,
            "News": "Aditxt subsidiary Persanta engages Dominary Securities for IPO"
        }
    ],
    "XHLD": [
        {
            "currentPrice": 1.0850000381469727,
            "currentVolume": 955233,
            "Gap": -0.08823528953443707,
            "floatShares": 1505250,
            "relativeVolume": 0.022738017904618355,
            "relativeVolumePercent": 1.6452866942305249,
            "changeFromClose": -0.2908496350091978,
            "shortInterest": 239807,
            "News": "No News"
        }
    ]
}